-- MySQL dump 10.13  Distrib 8.0.26, for Win64 (x86_64)
--
-- Host: localhost    Database: outpatient2
-- ------------------------------------------------------
-- Server version	8.0.26

/*!40101 SET @OLD_CHARACTER_SET_CLIENT=@@CHARACTER_SET_CLIENT */;
/*!40101 SET @OLD_CHARACTER_SET_RESULTS=@@CHARACTER_SET_RESULTS */;
/*!40101 SET @OLD_COLLATION_CONNECTION=@@COLLATION_CONNECTION */;
/*!50503 SET NAMES utf8 */;
/*!40103 SET @OLD_TIME_ZONE=@@TIME_ZONE */;
/*!40103 SET TIME_ZONE='+00:00' */;
/*!40014 SET @OLD_UNIQUE_CHECKS=@@UNIQUE_CHECKS, UNIQUE_CHECKS=0 */;
/*!40014 SET @OLD_FOREIGN_KEY_CHECKS=@@FOREIGN_KEY_CHECKS, FOREIGN_KEY_CHECKS=0 */;
/*!40101 SET @OLD_SQL_MODE=@@SQL_MODE, SQL_MODE='NO_AUTO_VALUE_ON_ZERO' */;
/*!40111 SET @OLD_SQL_NOTES=@@SQL_NOTES, SQL_NOTES=0 */;

--
-- Table structure for table `admin`
--

DROP TABLE IF EXISTS `admin`;
/*!40101 SET @saved_cs_client     = @@character_set_client */;
/*!50503 SET character_set_client = utf8mb4 */;
CREATE TABLE `admin` (
  `admin_id` varchar(255) NOT NULL,
  `date_hired` date DEFAULT NULL,
  `status` varchar(255) DEFAULT NULL,
  PRIMARY KEY (`admin_id`),
  CONSTRAINT `admin_ibfk_1` FOREIGN KEY (`admin_id`) REFERENCES `user_profile` (`uid`)
) ENGINE=InnoDB DEFAULT CHARSET=utf8mb4 COLLATE=utf8mb4_0900_ai_ci;
/*!40101 SET character_set_client = @saved_cs_client */;

--
-- Dumping data for table `admin`
--

LOCK TABLES `admin` WRITE;
/*!40000 ALTER TABLE `admin` DISABLE KEYS */;
INSERT INTO `admin` VALUES ('U0001',NULL,'Hired');
/*!40000 ALTER TABLE `admin` ENABLE KEYS */;
UNLOCK TABLES;

--
-- Table structure for table `bill`
--

DROP TABLE IF EXISTS `bill`;
/*!40101 SET @saved_cs_client     = @@character_set_client */;
/*!50503 SET character_set_client = utf8mb4 */;
CREATE TABLE `bill` (
  `bill_id` varchar(255) NOT NULL,
  `bill_datetime` timestamp NULL DEFAULT CURRENT_TIMESTAMP,
  `patient_id` varchar(255) NOT NULL,
  `doctor_id` varchar(255) NOT NULL,
  `consultfee` int NOT NULL,
  `discount` tinyint(1) NOT NULL,
  `medical_prescription` varchar(45) DEFAULT NULL,
  PRIMARY KEY (`bill_id`),
  KEY `bill_ibfk_3` (`doctor_id`),
  KEY `bill_ibfk_4` (`patient_id`),
  CONSTRAINT `bill_ibfk_3` FOREIGN KEY (`doctor_id`) REFERENCES `doctor` (`doctor_id`),
  CONSTRAINT `bill_ibfk_4` FOREIGN KEY (`patient_id`) REFERENCES `patient` (`patient_id`) ON DELETE RESTRICT ON UPDATE RESTRICT
) ENGINE=InnoDB DEFAULT CHARSET=utf8mb4 COLLATE=utf8mb4_0900_ai_ci;
/*!40101 SET character_set_client = @saved_cs_client */;

--
-- Dumping data for table `bill`
--

LOCK TABLES `bill` WRITE;
/*!40000 ALTER TABLE `bill` DISABLE KEYS */;
INSERT INTO `bill` VALUES ('2021101000001','2021-12-11 02:25:59','P0001','U0002',9000,80,'Lorem Ipsum Kill'),('2021101000002','2021-12-01 03:27:19','P0001','U0002',100,0,' qwe 2\n qwe 1\n'),('2021103000003','2021-10-03 03:19:06','P0001','U0002',900,0,' Test 1\n Foo 23\n Bar 2\n  \n'),('2021104000004','2021-10-04 03:29:32','P0002','U0002',2000,10,' Test x3\n Foo x3\n'),('2021104000005','2021-10-04 04:01:56','P0002','U0002',2000,10,' Test x3\n Foo x3\n'),('2021104000006','2021-10-04 04:33:11','P0001','U0002',9000,10,' Biogesic x3 a day\n \n'),('2021106000007','2021-10-06 00:59:47','P0002','U0006',9000,10,' foo x2\n bar x4\n'),('2021106000008','2021-10-06 01:06:57','P0002','U0002',1000,0,' foo x2\n bar x4\n  \n'),('2021106000009','2021-10-06 01:07:47','P0005','U0006',1000,0,' Foo Bar\n \n');
/*!40000 ALTER TABLE `bill` ENABLE KEYS */;
UNLOCK TABLES;

--
-- Table structure for table `doctor`
--

DROP TABLE IF EXISTS `doctor`;
/*!40101 SET @saved_cs_client     = @@character_set_client */;
/*!50503 SET character_set_client = utf8mb4 */;
CREATE TABLE `doctor` (
  `doctor_id` varchar(255) NOT NULL,
  `specialization` varchar(255) DEFAULT NULL,
  `date_hired` date DEFAULT NULL,
  `status` varchar(255) DEFAULT NULL,
  PRIMARY KEY (`doctor_id`),
  CONSTRAINT `doctor_ibfk_1` FOREIGN KEY (`doctor_id`) REFERENCES `user_profile` (`uid`)
) ENGINE=InnoDB DEFAULT CHARSET=utf8mb4 COLLATE=utf8mb4_0900_ai_ci;
/*!40101 SET character_set_client = @saved_cs_client */;

--
-- Dumping data for table `doctor`
--

LOCK TABLES `doctor` WRITE;
/*!40000 ALTER TABLE `doctor` DISABLE KEYS */;
INSERT INTO `doctor` VALUES ('U0002','Resident',NULL,'Hired'),('U0006','Dermatologists','2021-01-01','Hired');
/*!40000 ALTER TABLE `doctor` ENABLE KEYS */;
UNLOCK TABLES;

--
-- Temporary view structure for view `doctorlistview`
--

DROP TABLE IF EXISTS `doctorlistview`;
/*!50001 DROP VIEW IF EXISTS `doctorlistview`*/;
SET @saved_cs_client     = @@character_set_client;
/*!50503 SET character_set_client = utf8mb4 */;
/*!50001 CREATE VIEW `doctorlistview` AS SELECT 
 1 AS `doctor_id`,
 1 AS `photo`,
 1 AS `fname`,
 1 AS `lname`,
 1 AS `specialization`*/;
SET character_set_client = @saved_cs_client;

--
-- Table structure for table `medical_history`
--

DROP TABLE IF EXISTS `medical_history`;
/*!40101 SET @saved_cs_client     = @@character_set_client */;
/*!50503 SET character_set_client = utf8mb4 */;
CREATE TABLE `medical_history` (
  `patient_id` varchar(255) NOT NULL,
  `findings_name` varchar(45) NOT NULL,
  `result` varchar(45) NOT NULL,
  `medical_historydate` timestamp NULL DEFAULT CURRENT_TIMESTAMP,
  KEY `patient_idfk1_idx` (`patient_id`),
  CONSTRAINT `patient_idfk1` FOREIGN KEY (`patient_id`) REFERENCES `patient` (`patient_id`)
) ENGINE=InnoDB DEFAULT CHARSET=utf8mb4 COLLATE=utf8mb4_0900_ai_ci;
/*!40101 SET character_set_client = @saved_cs_client */;

--
-- Dumping data for table `medical_history`
--

LOCK TABLES `medical_history` WRITE;
/*!40000 ALTER TABLE `medical_history` DISABLE KEYS */;
INSERT INTO `medical_history` VALUES ('P0005','foo','bar','2021-10-22 01:44:14'),('P0002','Tubercolosis','Negative','2021-10-22 02:46:42');
/*!40000 ALTER TABLE `medical_history` ENABLE KEYS */;
UNLOCK TABLES;

--
-- Table structure for table `nurse`
--

DROP TABLE IF EXISTS `nurse`;
/*!40101 SET @saved_cs_client     = @@character_set_client */;
/*!50503 SET character_set_client = utf8mb4 */;
CREATE TABLE `nurse` (
  `nurse_id` varchar(255) NOT NULL,
  `date_hired` date DEFAULT NULL,
  `status` varchar(255) DEFAULT NULL,
  PRIMARY KEY (`nurse_id`),
  CONSTRAINT `nurse_ibfk_1` FOREIGN KEY (`nurse_id`) REFERENCES `user_profile` (`uid`)
) ENGINE=InnoDB DEFAULT CHARSET=utf8mb4 COLLATE=utf8mb4_0900_ai_ci;
/*!40101 SET character_set_client = @saved_cs_client */;

--
-- Dumping data for table `nurse`
--

LOCK TABLES `nurse` WRITE;
/*!40000 ALTER TABLE `nurse` DISABLE KEYS */;
INSERT INTO `nurse` VALUES ('U0003',NULL,'Hired'),('U0004','2021-09-03','Hired'),('U0005','2021-01-01','Hired'),('U0007','2021-09-22','Hired'),('U0008','2021-09-23','Hired');
/*!40000 ALTER TABLE `nurse` ENABLE KEYS */;
UNLOCK TABLES;

--
-- Table structure for table `patient`
--

DROP TABLE IF EXISTS `patient`;
/*!40101 SET @saved_cs_client     = @@character_set_client */;
/*!50503 SET character_set_client = utf8mb4 */;
CREATE TABLE `patient` (
  `patient_id` varchar(255) NOT NULL,
  `fname` varchar(255) DEFAULT NULL,
  `lname` varchar(255) DEFAULT NULL,
  `age` smallint DEFAULT NULL,
  `gender` varchar(45) DEFAULT NULL,
  `dateBirth` date DEFAULT NULL,
  `contact` varchar(15) DEFAULT NULL,
  `address` varchar(255) DEFAULT NULL,
  PRIMARY KEY (`patient_id`)
) ENGINE=InnoDB DEFAULT CHARSET=utf8mb4 COLLATE=utf8mb4_0900_ai_ci;
/*!40101 SET character_set_client = @saved_cs_client */;

--
-- Dumping data for table `patient`
--

LOCK TABLES `patient` WRITE;
/*!40000 ALTER TABLE `patient` DISABLE KEYS */;
INSERT INTO `patient` VALUES ('P0001','Keith','Limbo',21,'Male','2021-09-22','09386508693','Lipa'),('P0002','Trisha','Gunio',23,'Male','2021-09-22','09466485696','Lipa'),('P0003','Foo','Bar',21,'Male','2021-09-22','09879006754','Foo'),('P0004','Onii','Chan',24,'Male','1999-03-03','09286540987','Lipa'),('P0005','Lorem','Ipsum',25,'Female','1998-09-09','09654789655','Lipa');
/*!40000 ALTER TABLE `patient` ENABLE KEYS */;
UNLOCK TABLES;

--
-- Table structure for table `user_account`
--

DROP TABLE IF EXISTS `user_account`;
/*!40101 SET @saved_cs_client     = @@character_set_client */;
/*!50503 SET character_set_client = utf8mb4 */;
CREATE TABLE `user_account` (
  `id` varchar(255) NOT NULL,
  `user_name` varchar(100) NOT NULL,
  `password_hashed` binary(60) NOT NULL,
  PRIMARY KEY (`id`),
  UNIQUE KEY `user_name_UNIQUE` (`user_name`)
) ENGINE=InnoDB DEFAULT CHARSET=utf8mb4 COLLATE=utf8mb4_0900_ai_ci;
/*!40101 SET character_set_client = @saved_cs_client */;

--
-- Dumping data for table `user_account`
--

LOCK TABLES `user_account` WRITE;
/*!40000 ALTER TABLE `user_account` DISABLE KEYS */;
INSERT INTO `user_account` VALUES ('U0001','admin',_binary '$2b$12$95Ws96WC0ETKTzn.hzRP3u/JuFyo/.KajZks7tByGuNX8wsNwtoXW'),('U0002','doctor1',_binary '$2b$12$95Ws96WC0ETKTzn.hzRP3u/JuFyo/.KajZks7tByGuNX8wsNwtoXW'),('U0003','nurse1',_binary '$2b$12$95Ws96WC0ETKTzn.hzRP3u/JuFyo/.KajZks7tByGuNX8wsNwtoXW'),('U0004','asoka_90',_binary '$2b$12$ypa7E92.N9eVwsV3PYwvse63AAetWw8gt0/m6Tx4Ul4AjTf24Jjte'),('U0005','limbokeith71',_binary '$2b$12$WTRZddaoEbfgF5Vo5A/phuHpp0vPN/BLl8KcoR81iAd8w1CEs0Rhy'),('U0006','doctor2',_binary '$2b$12$fgPS9tymKd76vmbvUhCeUOegHO4NT1AMZNdhPJBVOON2dep93Ygk6'),('U0007','admin2',_binary '$2b$12$yau0VgE4vT8aInYuwPxXUOrmuJPEzPpNd4crrF8VnieEtpom5XKEW'),('U0008','irondummy',_binary '$2b$12$kAHfUaC9UKlESHV.HC.lhe16tf828V8eh5NgQE2g/W2pihc4ai4iS');
/*!40000 ALTER TABLE `user_account` ENABLE KEYS */;
UNLOCK TABLES;

--
-- Table structure for table `user_profile`
--

DROP TABLE IF EXISTS `user_profile`;
/*!40101 SET @saved_cs_client     = @@character_set_client */;
/*!50503 SET character_set_client = utf8mb4 */;
CREATE TABLE `user_profile` (
  `uid` varchar(255) NOT NULL,
  `userphoto` blob,
  `fname` varchar(255) DEFAULT NULL,
  `lname` varchar(255) DEFAULT NULL,
  `age` smallint DEFAULT NULL,
  `gender` varchar(45) DEFAULT NULL,
  `contact` varchar(15) DEFAULT NULL,
  `address` varchar(255) DEFAULT NULL,
  `bio` varchar(255) DEFAULT NULL,
  PRIMARY KEY (`uid`),
  CONSTRAINT `user_profile_ibfk_1` FOREIGN KEY (`uid`) REFERENCES `user_account` (`id`)
) ENGINE=InnoDB DEFAULT CHARSET=utf8mb4 COLLATE=utf8mb4_0900_ai_ci;
/*!40101 SET character_set_client = @saved_cs_client */;

--
-- Dumping data for table `user_profile`
--

LOCK TABLES `user_profile` WRITE;
/*!40000 ALTER TABLE `user_profile` DISABLE KEYS */;
INSERT INTO `user_profile` VALUES ('U0001',_binary '\\\0JFIF\0\0\0\0\0\0\\0C\0			\n\n\n\n\n\n	\n\n\n\\0C\n\n\n\n\n\n\n\n\n\n\n\n\n\n\n\n\n\n\n\n\n\n\n\n\n\n\n\n\n\n\n\n\n\n\n\n\n\n\n\n\n\n\n\n\n\n\n\n\n\n\n\0\0\\0\\"\0\\0\0\0\0\0\0\0\0\0\0\0\0\0	\\0?\0\0\0\0!1A\"Qaq2	#B3\\$bRCDr\\0\0\0\0\0\0\0\0\0\0\0\0\0\\08\0\0\0\0\0\0\0!1A\"2QBq\R#3a\CS\\0\0\0?\0%l8mu8Z2\[\\02O6&Y\3 G@1:\C\\vM4*]}\@v!N\v-\"@nt;h61g{Ř=G:9J\\X\I\&R/Mj4!cuM-\)>s\$b\nȟQ\m\eI\\\PFH\EU\N;}\Qj|\'\\?Ӹ\<vލ%\f\"~eE=\&j\#U\\@\7c~|BAՉ8M*]|2$7$:G=n\] ~T	m5\()˓F\<\\|\0\-<\\n- i/2i\ӴT\vb2aH\nGԷnI\Z2v3]\+{@ yS%è		6wPS\-\2[Iܵr\+6 7Z\\`\0@\֟7l\\D_5;3\[;\Uymr\n\ySYQ& 6\UBY&&\>5Oh\n)oj!)\"\"k\-pm{ZA\\1\M\şGx\zT6\\\;R\^\*D`Wt1\0}\\?{p\H\kXuVFPv\'	p\I:\e	@8\@\r1\7JuKI̧#\WY\\hTPW\$\?\\\f\wr\\ӯ\YC0E\\]\0&\1\0QՌ\Z/{Ŝs\;7wqY\nGQ}]O\82F $#o\8mYI\\{m@\\Z{-\v%1D\6\\ѱGc$\4rKL4L5\Z\TnB9\\n\y?\@\BN#<IX m>e\Ar|$;\*\6\C\b[\{n\`ڷP}\S?[\]\\\Ƴ\8\;\?-\?\T	fZw&c;}jB`X\H\U	07ިoPmgXV\Q\6 ޸\ձ.jMp	\\\\~+Y\r}O\r\w\2\{4\Ko7\*SU\	\\\L\\_`F\0Jzu}B\R&-lCj#\=jM{Op\\@#\~\\M\}+<X\'\ҥٷp%\c;\\jN:2G\\\U\ĝGPx˾?X\\\$\I%v\y\00vB&`j\dXql6\΋o2#S\\b$@?f$\h\q-H\}\0U\Gl\빖!³\"*O\Z+Y6Υ\4\0XZa\(\\z\+;hvUL\\\s&ۤn<M&gԖM>\cIǹv1\"`tmhijN$k\\w\,\\\6L}~5\"\W\\\d\¯-\ad !y	\Ffܪ0!;m\\\F߭\\Q\\Bzҫ\\ϧҢ}77n\\\\\9FZOJA%h25\L9TKY3P\0\A=hē݆!\ S\\ϊ\R\Vfp\dLm\Rl&\U\>U\\vmdsOI}\\:fg\qZ\r\5\\\w_\J\X#\h\@Cݨ#.W5\4t\)H\ZF^T\\F\\\\~Y-J\#\\\±*nrvޢa`\O*Kif\'U\`\\k)\P OO}9-+p&\X*0\\'~T\^:%H\\8\0&Vv3|JHlD w?\ZrX,\\L(\\0ȏJ{bu6\bI\?\%\U@ciܒyWm=YA6\}7wf%:D\\Ş\P7\4v \/4\@%[wi\Zwzv\΢yAތJA2\'_%͂rBK\\nC\\p=OJ\)\Z\M֛kEVw\s\S[J\\Zz#\"\䝹t|\\\EB\+2\\n\4>R\\}\9\\}>\\\\\"\dk6B\H\\5\7S\lB\5ӈe߾@Ar!	?4\9\\$ؗk$@\9\\M\\n$y??\rlۖcɀ>UŰ\n\\A\3v\t6\_#X\Zo\roB)P\\\\S:\0|\RE|\df\\j±Ӱ\M\2!LDH\*\\!\֏k#\4$\g_\U6n\]0i\\\\ۻ|\"6@kw\07q\(\2;,7ݘI#\ro\'om?Uxg(廳x#T;\\\\o\V6De6\\\0\<\$TQ=f	U\U\\S\\\F$\\U#y\\\\`KH?	\j߄`\0bU}\")\H\EL#\\ ܸIHڧY\\b\XtTʬ\.\\{\\0\\p\\T4˙-\F|떻0v\\'ά+%!\\0\\G4$yzևu\f\\,\?E]o	rg.\\\AtpefBWU۝\Цވ\n`}-<ʯ\\\\*\q\1~[<r׭s\bՈ\I\\j\۱\ܹ*+5$;i\hN5mb\|R$Vo\nb<ql(\#:H\VxR\zM\"\ښh\0UrX@L۝dOq\'`×X\T\"\Z\"r\0r\֬S}=\gm.*\@B. otT\\\'h\0\\K0PM\R\\\\z$hq==A;\r#Oޜ2Jڙ\F\S%\\\\*xLbys0C\\gv8;[W&Sa\zR݅\3!^Giv\C\ex~7Gxn\u\Z%\\LY\\z|ꃈE\Y(1ĝnẐ\$	eV\UCCbd쾻ѭ\\\v\I>E\E\ʵAbי,!DXh]\LO\UM cihb\}\]B\u\nBhE\n5ϗ_?E\-$K\'e\UrA\V\)j\ \=~4\\P>J\\Y=\\"cQ\H]m$\<\'R*gxmz.b\UfyR`.9\q%q\+\+VĒI\Ql i,\0\'\Tv3\+?\l[TG]\-\\w=\\Nh\nVE\T\Uжۀ\0O:CW\wl\\xL\\rV8f xt\hB\YZ.A\!&AkGKPĵ\a\U\\r-\	ѺA\F\\|Ck\GX~2Q\;0\\Z\1Aff;%\\fL~\\Ugd(\ۉ\1ɭe\\\\9m\BfjS[V\\Ы\;8\\ǟ\_>ݫ\3U\0㬒\b\đ\\H\QuI81	$R\\#W\G\X\ \\]TD\ZU[\0a\\\TC{Èp\'\\6?\]H_J3/Cvk&\tZ\hR6|\\\#7pvڳGpZ\eGh\=ԇ\\Txb\\\\OE7A\Z1VZ\Yr!$~/I\\0\\^0¸\i\~~/pK\j\\0\lF+Ń0:c\R\ڊ}\!\eӋ\0]z#q	HXPޟJ\\za\^^vu\ŠH|Jv\T&=\\uG\X朂\S\\E\sZ\\XC\\Z0I2bm,Ve\@\TLsp\0II\S,\8Ԇ\n\b+3\&\Z\p\T\\\\Vk\(2*\\\\\\ϥ\0:6T\0\X6G?:g.P\\'Yd\f\\m7\%Tw2\]9=J\r\\\\m3~2\a1\d. `\\\\\a\⾆\C؃\ָ<,Lػ>]ćL\f[z\<\`\\L\1@`\\,ff6r\Mg<hF<\<\ׇaI\\p%\\Tvcn\\\\'Xz\=+\_e=\\\?\S\XW\Z\8\Չ\,5.I\א\v셕l\\\\1ɃÆ6pY>^\вi5&ϲY\\W\h\v#*\3\I{5\ĸ*\n2A6+\AALܛ\7N]\\v\pc\'Hۘ\M:|g\|k\0\\"\,\kٗ٫xCU9v77\1\]\n2d\Jv\\Ŗ\\}s2\#VW\YOKa\#\k\=>[\xg2\r\p\}8,\3k,\$N\rH$\m\Z\\\÷	\f82\kWZ΋[[\Y\Pk.&\D49\.l\$|we@\\s^ù\o\3؛\u\\\\@)r\"\b)+\\0\0\ˉqWko\;dHV$\\ynyۃr\]\]\]r\p,Om<D־^\rgg\\	\w4\89\7瞾ߪ;Ga*xcܽ _P3Ӟ_hbx\{Jz\\0\߼ǧD\ϲ;\lÈm\\v\\ȝ-̳yt3\\s2\\\'1\_\qbb\WL-\1\,\"C\0杤佹vwęfY\F?(\ey\\LMe}\ 2\J4\,\e\Z c0H]}HLsqD7\]~e	\\-b\`M\Nĩ\Z\{\*\|kr\9\\x`7\nq\a\\k6/*#K	H\Y\M۷Y\y\%ton\_Ok\\Lu7c0\i{\\%V\G\0Ca}nO\zk1U6\6қI\'2:mU0=\\\\\\ù\<cz\Icf\I@!>\nQc\\DN\\chXnY_h\\V]83	+cZ\\@H*sh\\\c~\\7\0\+˯?.2\`\r\?}Qàn;wl\M\"\V\X	K1\8s+\E4]\\Z\n\$\ߝXa\rv\\*IA̚Qb\,\Zb\R3\\g\\.-y͌5\I\0\c޻cΫ0̄ Ȉ\S\\;oY]@C\gxo\9*͡~\\\N\\1e\|ȯ{\d\(\d׽2\\\\\Z,e\3\^\2%\\0EQ*\^1\\puȳ\\\\X[x\\bt^\=\5VX:z\\\Cۻٿ?\(\[lӉ\3l#>`\ZjEƕ]\k\lGWI\Kw\\rOtmJ\m&\ᘩ\bw\n22Y2\0\\/\w틆{A\*\\\[br\,\.>,.^\Qac+\_m?\CŞʽ\\\+\$\o\\vqsM\\-Pui@\[(̿_\3\\_⬻w~3m\\nk\+]e\\F\|\W\j=go\<QŘlF%\w6,Z!P0\\gzʃ -p2/\a5sTjpo{\\;@1>\9\\üS\|<ǁ\KiC^7%á\_o_jn6[;\I)ⵖ1\ۏ(\Gʼ\'\v\[\h2\x\᭜;-l{%a<\\\'\'e\\\/ȱcx+lώ%^Ք\\\]{m+!oeΒ\\\8u\!\m׃c\.\o8\`ob1wPqv/*qw\\x\$\!:ר\~\2.\'ͳ{3\G\Z%%m\\\U\\KY\\̳˜=e=&M\\b6ߩi\#\\K\际\/ql4\\\0\~\\~W\ju\\	aY-b\~1\2ٞIL\9\\/ݭ진\w:\\<\}\S\_ǽv{k;\l\3\Tb,\\h\\6<<\\K\0ik.\rL\\\sY|3<\7u$YP\5Qщ;S\SS;p/\\r\N\X\$n\\\K\^\v\\9\\<3s0\\#_d\[n\z\\ҍqI:P}W\>\z9\\\]\9.uf\\M{)\ne\\=iŬ%Ƴb\{֭\r\bA\nc\\838[7*\\ʉle8\\"l\n9DG?{:\\\y2\e$\zU$oGbr\Wple$Xu<~\lHz\\\X\IpUc \|`0\\Y~lڴ=@\0|*] n	;yQm\+n&y)\?x\0$\W&c^~=-\\0K@ߧ*z\V*d\p\X*#rG֊kF-\hm>J\4#\0.\l\gx\\0\xI[\6\\D\\N\hU@\K\n0\>g$brm\[Kuwj%][z\*\6\`3֕\\\3O\|?\rm\\ZA_*\pށ0Ł\\V\\G\nW\jE%Vq\Q]NјY\\\r\b\\nL\\Y.F`\\rC\c\hFN6\"wy\RS*x`/\R\#\eIo\)\&\I,-si\Ō\,뤁\T\yM^\ ?2iDQ\\\X̯8\^\Z.\YRY ݶ\\'HP\Z6I.9}skg<SÙ\}f&\+8\LM׸\\&F䓰vsZfB\Zy6jt`̦v<BD1\\\l\raUFV5\h&\A\/=?Gf\\0}1\\wˮ\\-\\!U\uٶ\򯄲ȸ\p\\f@k	F\+\cy&\0\eo\\n\\9\Z\+\pXE\\eC\'}L7?]1\\'\'\Օ\\X9ܽ-ke\ٛ\\\1\ItSb\ysŵ\.3D/$}\V6\fo\apR\\\vҷ\\\1@Fб\[E\\I\EmH	\GO?J\B\\\3b:f\\rǪH\\\j\9ҍl/BI\'đ\k\\0Pf\\oJ\\n<\I3f\\\U<v\\Q\\\\2\\҂\0z\|\\r\/\y:G҉Y䉠xi\9\oJ~\ܾ愯iBe|\E5qmZr\2A\͖wR\S\NAhӸ\\\,\\f\ahCi&ALP\\\vH\aZFʚ	\\A\\r[bٕv#\\0.P\\0\r\\'\\\؁Ь\Q2\0LE\\\(\\\\\\\\nܦ-\\0k\T%\0\\+\\k\6l#j\\J\\S(olHb\Uƺ{py\ͤ/G\˩7fwү7\\'bn3>km@܂\|yɩ\ٸ*Ր\\r\'i\#\TV\0\ \/qLDD\\Uu\@:\0\h@j\'VU:\)=\,nF\\j%FP\騉YBKVX\f\\vQ\\\$j\hP\\<bsJ(F \w\UU\\(\"`-~{Yެ(\\%\	5>\\Z\ѹ\14T\\pL#x@c{H\c\֜\V=\\v\P-@dբ\D\\\Z-Ф;\F-fWR̆m1\\\\7C \0`~\\nAU`iV<+W@;\m-\P?u\䤏5*zbs\;ى4ޔ\a`\`\4t:&t\U3r\Xd$\rG*˚\8\n\oĊ@I\E<b#R\\F-\0m詌\r,Ln\\X+\\:+Eċ\0_\r@{\=\v\\"\n\j\\6屒vN7\	\T\Z鍥\'5cgA\rlH\\\\lF\"tm3Q\0:\)R8@e\ɬ̕)\˓\\'.\\\ it\d \rgh#\]G \V\Xn&e\\[1\\[d\Ҫq]\nR\Ml\[\\5z\g\Z\\H\e\\\3 }\[mWƐga\\\ZU\\0˂\\E+\D\\MX1/0{\\\ӷ\\Ҥۻd\\A\ְvG\q\\0\RGex0o\D/\\E\$\\\ؿeSM\#P$3#\۹lI%\α8\\PDG_\J\\\0tiu\}\%H3\oElM:\,7\0\n6] 1A\3\0{A\qF)\&\"i.Ib\U\vr\\q\\`\B{W\$\ʎEb/.S=\"ߑ\\N\\G/[0ZGօӑ{p<Fh\S@ه\\0\\r\\u$o\w^\Zsf>f׋A\\_*I?\\|\ޢ\%:zqU`Bb9}al(\-?:zٱe\~Q0\{\fi-k^m?%v8\\0@\\0j_\C6\v}So1i1\\=\CxU\{rQ|.\\謓?\sU$\>i\5ř{X`\0>uVM\3\0\'YARn4);G\\\WØ\݃ܩL\\\/9x\D\\\,(;W)\\c	u3:dLz\1\6	#\\Bd%0Q<\+\neG)E+X;\7{y\r7`#¤1\ӥ\\^\o.JܬF6f\4&w\ʉN$iG\I$\\B&opw\+1\\WĹ\K\ \J>vV[\m!	\EvL5\\wT\{\Yĳ4\Â\q\U񏚮x\e\0\0QY)U#\\U4\L\J\\AK)\+\L\0\\)#A&}cf\\wˀ\	1\q9(!F4;\q\n[VW\27?V\]=fGv\*UtCl\2\E`br\"Kh\m\\[;zyRH)G\S,\h	{xPcrTTυf<*v\\g]H\P_\0\\*sY:&R\\q꤮uq\T\0~uӚ\\e\'\'o48\0\0<$H3Ҝs(p+3\\M\%\\ܧD2 cByxF9\\\U.\\ҫ\'գ\Q;l+l\n9&j]uY\\\Rt\@/{iHq9\MH*\0zӖ\uu9)\n`\=I\K\°e\FŨ$[\-~iw5ִ}l\\x}^w\n\\0U2լȮ\n@\\I\*5fXQl73B\\%3XKGx\8{MY\b\it̮P\$҈rʷPqǥ,$ԼfBZC@9M\	*\q׶T\(i\\\M\0Uv \\:1L\Ls]\\0x71\@\	R\9\PLWDs)oB\\\i\-^N\~2\[\/Ai&h\|nQrm \ψ\8[0ib\\\=\\Pm\rs?+xᙗI\Z\"\\uXɉ\{ )P?A(m`-Wjۂ\\)ً\A=)U#fXdpq8\ywW3\X\}\\uAQq\0ޟXB\rB\k\ZDj\aY;M{SH\j\14]\-.\\\r0#\\lq^\0,6\\iSX`c Z\\'s\0\ӕ(\FFj(\FBzSqU<4\r\\\*m	\e\\#jmH\0;ѭⰊ\vv\e\m\O\\M\\\nJ/^AL*7\z\h\"r;\zQ\03s\q\\JtK&\n^M=U\v:\6ŗb7&6Sq.nȢՓo1\g(\r\\03\uu-B?hy\t\0\Ytu3X;\~Qp\\\$K1\\!Y\7=x\B[\0\0ϡ\\It\X;B\qp\B4\$\r.\\UX\.^\z\B\\V~T;K^d*<4\#$B_ m\\\@$sGv`\A\l\'eGE\i,)\sIīL\\vYF\\\\-l\F\:\'\\\ZG\\S}+o0wR]m\\\\\\t\\4\\rf$}Jm!S-́\A\Z;}q\"\Mf)f7RB?q֞3,k\Qg`0(\\M\0۽\z\8q\06F~\\\0z#9Ŭ۷\n\w\Y~꾶\7Y\D\\OZDmu1D\\\U\\8\\\$A47\\c]!\\w1\\~0\\0g\y*w\--\}P9\0\@̘\i\\\11Įŏ\Ԫg	\p<QWSJA\'\"=xM\"DCt3\0e\;*nms\)Ref8c=IOxH\cҕ*I)韍n\\\4O\\!\\rg*wV\\\\3v(q\0t$k/\'}\\*T49\\\˟)R\\Mux[Hp\\O?JT<&KdM\9jNv;xA\҆8\ݴb\w\֕*O\\\\qxUQ\ǡ>E\q\nc\0,\0\0\*U1DNqh\\\\ QD\[\nL\0{RI1]T췺d\Kv\`\"74U\.lAd\0tPy+\\\cYYm\o\\ds+!L\i\*T\$bG\\\R\$\r6\\0tD\p\YvtU:!\[$r\k.\\\ˈtR2\rR@\#F%u\o@X`?jTQ\"\\_\','Keith Richard','Limbo',21,NULL,'09386508693','Cuenca','Helo'),('U0002',_binary '\\\0JFIF\0\0\0\0\0\0\\0C\0			\n\n\n\n\n\n	\n\n\n\\0C\n\n\n\n\n\n\n\n\n\n\n\n\n\n\n\n\n\n\n\n\n\n\n\n\n\n\n\n\n\n\n\n\n\n\n\n\n\n\n\n\n\n\n\n\n\n\n\n\n\n\n\0\0\\0\\"\0\\0\0\0\0\0\0\0\0\0\0\0\0\0\0\0	\n\\0G\0	\0\0\0\0!1AQa\"q	#2B\nRb$\3r\\&Tcs\\\0\0\0\0\0\0\0\0\0\0\0\0\0\0\\03\0\0\0\0\0\0\0!1AQ\"a2q\#3R\\\0\0\0?\0S\B\0\5\'s\z`Fbe|\x\`\0;QHܞ\\\xb\\$\qN	ry\?&\\u%t=w%\\2UIO\\0o8ac~XjgȅN\0=\)	qJ\ J^\ڗ!\^7\$\ N\7W\\*`\?qh\-j3q¦MI\\"ϤL\'\\WYSۜA*\<J.s\\M\\"ё+\8\:i+->qMZ@NuD5:UV\¦G\\"Vi y\t0d$\R&\Jpp~&;~P\c\	2%\"rL`\QiW_X*\zD\\ FT\|\LD\!\	\Dm\\"\"8FO/q\n\\'9C|w0eY=mU\'%|\ AY*(\P\"J[\\N<{\c\'\k?Ej#ώ\+pca\\,Ht\*	W\\­ s\\1K\w.\WSK4V>N9l\J\*TEq\\.Kτ\\|:BJT+t{\r\\0\\\ZLP}O.nu\ 8\H\_\\\{Ff\K\k-z\\9Z>^<\ώ xԮ!\\S\[nVp\ġ	\Ͷ;<\g&%\\'\>\\d\&5iu_n*\(\Zk\r%brT\\`UVպ\6?B\\\\\! w\+$\\Ք(gr\nSa\*\86Cnry\'\MW,:\.\"O4r\\ʙX:DMɢZ|v3qO\~pC\0JkòqT\F\d\'_h&p7Hy\\h{8$٥\7H]*eK~ѭ:M_[?e\\\|\\O.ppޏ߳\N5}RBeS\'-=,c*H\\Xi\0LǧO}\:X\\3\>\F夛I%)<ږ\\	B\[\n\JVRT\\\NJ\\\E$\DQr	 \0$ \P\'m)\\"Cv\\@\0@6LYj	gϺAs\9${2H\<\sHg9b\0-`\f\nU\\\"d\\\X=Ԯ\n\OH)jfmP\\ZI	G&f	$\Th\R\q\ĽCQ\IZv\4իv$ҲK\ח\\07	\\'\\W~p~VlIjU\Zx$\I}A\e[c\">mn\S*ۙnMdtR\rb\_M5):\]*w\#J\0:\\sp}b3RݜSR~\!\U*\\"ZE$,{\$\lA5\"SÕ2\te;\8$툺f\m\\#&\B\\0ʿH\+\/\e\w\\PDzsƲbg\\\\C\'F>\nSjQE6ʔ66\Kr\qx\\\r\Vh*W8\\)\JI\\]3pFyݡ\6y)\\@@\g\?e\0y\	\S9ҎzcxVV~jBa/!8Z\c\c.o9)G\y:d\ʙ\R6b\n|\\\\)Sxο(\\\S$GDUt\'\jzi{\:\\\\\Ӓ\"\Çn\'GMF\4R+RNA\\I(k\n\2$Nm\$pV\\)3!8\|R\\<\\\պ\\\ۧ˕\\[\"BQԳ),$/=s\7\\`RA	q$U\ +s:(\,\c\0،\}\DJ.6\#)H\g&\"Bt\O\0\ _V\>Qu]D<y^\߷k\V	\\XY\0o\'\'d0P\"(2 m\J\+>ų\\a\}\\'*Zb\Um)%L=7`\\\'ZĺԜg\#\\I\YYⴟǂBH\w}*\\\6\\\eԔ8$A\|qc\[H\\Mm\\\\6%ˌ!Rl\0\\ZN\_D\UGoʽR_6\	%y\\f8\\\\\K/Ri\NL\w; vG+趕Tn\*\2B\Uv\\P\n@\4-:\$\d\\r\ʀ\\|@(\;\]g[Z\uTm\\ʻOG\&Ĭ56R\0H\0c\G2\\"}!Pw\cA<\p~\)\m!\F\pb\0P)\\7i\\x\V.d\\\\O\\"\J\Z:_bN\7eY9Yvヘ7	8\\\NLN[\\ݖܣMK\\\>C{ٺ늺\fe\\A\R\\0R~$v\Cl\}&CX\\\\/\8O>繃ku\dpui\\>\`ԾG4)~\%Mc霞\Q\켩ej\0\(*46	汿Ǵ9@JOQnL@zEH\\OR>[Di\%[z!U =3xJ\)w@bX{򎣅\>\\C\츯\E!G|\g\U}ʶ\E\F\r\#\Ga\'?u\aA\0p\|;\'\;k<\Ϭ#y\\'\`@\FaD$ƽՒO!\O#^\HQ\+:$VGh9\0\\?\\%Q w\e\\\x`\!@r\Oh},p\BL\9{$;Gϯ&I\ըq?[|\V\V\\x\\G|#\R3s\\%\Q\N}Smg&i\iy9\T&L],]LRR\\%1\q#Ufy\\#.<\8\Ņ|\]\\V+!J})Z%\U9UĪG\	jj\8\*֭\0g\qb\\1\,}$\L_c.2\\l$\'Ǘa!;b\\΅^bУ\OOL95yN9\RVYuY\9!D?(\Yn[PT$\\\\zˋr\R\0{}6S~\}H\\+\e!f	\O`BTO\\0f:Wo\B8gOI\\nN2#gmH9_\?	ukJ~\rbQ\r\&o\I\O# \YZspj~Pvi\r3IjXif\\9堒O9Z7v\c&iI;B\ЩE\w\\\\\0ؕ\e.o\e9#:ۍ:Bk/]BlZkkԻ\r6nBR2H\4s.\\\_F:B\*sL\>J\Ժ\Y,%*q	J\(v8\\Y\\rJyro.<\R>\hZ\\l\`\0޹`!\\j*\n \h5\\\\K&1n\f\W7饦IyAQN{>qP\:ȫ2\ֹ\GqA۬owX\U\\\/tLTJyE(\w8\bki\\C\\\nD4fKĂR\A X\v9jd\\SR\֝F\\\0մy\n\<T\\\dyJgXeSS7J\\k}{v_oaSwXĳ@<\QI0\%VDn3I{\r\\PB\.T9\\@D\\=\3.\\vWSj2s\\\\nm\0)=\2x]Ӯ\t\+/\̸\\G\\\'|bP* \r\01c\9;~q\'c\n J\$ A\@\\"B$L)Aw\\r}!\ʈl8\\\"tB\\\\n\\ sJv\'\0ǜ?\AQA\\5AJw\\\F\Pi\R2H3SJIRy(!X\\;0\H΢\(we\\\\M\\\%Iz\\\d\\\;\5Mjۑ\i62\1^\:qe\;G$k=*}\\'ܭ\"MՉT\u@@܎L帧9\d|xvnN$j\H3!P\J{m\oWfJ\fY\j3x2o(|\d\\'S%W/\'(\Uvilr\\H1l֬\i\\q-\%Y]y*H)qР\\rm\zr\rƌɆЪ0ۓ@\r\қ\z\5\\p\\v[[kz\\h`0\\o#\\T_FNꍗH.i̔ϴ\yڞ#H\\0\\\\:N◣v5F*]ED@#\9$TNTI\}\۪\r}n0\nfn\U5t9Tede\*N\nԆ\q\% @H\\\Ɵ,cTF\ЂwG\\e]\\\g\]ӯ:h\OJӦ\\\!i`>d%9S.\$|Rd[Dd)U5\1R\Ȥ;\Đ\r˩1lpMü\C%mɠU1TiD4\XO\H\)\׋/ٚ.ieI}\hL.f<el\K\oTӉ B7a9\\r9`\\\\s߯d\\\Mpm|L\\taNU\ɖ\9&YB\]h<TH\\6\ZE\\\;Jdy\r*]yr\c	BR9@\\1q/OmӃ\\y^呙w\a\\\O\gXu~\j\\rZ\\\O\\\*uc\P\Z&\}ο\\Tڕ6%AԚʧ&ݷ)\3\.uA\Yq	RѺ\\#\r0pbsspݢ\3jR\5\\F,Җ\6*r\0\qk\\7ֽOmMW\v\ug\T\\TB^\r\P\@QP\\0ie-ɪ|\JC\\(MG)+kM+\ByR\'uغ{UuK\5q?\BV1̤mu:DsE--=/RIKc\q?\\\%X#(\\j\7V\9b\\QUv`\\ \+Gheg\yws F˰YlH=\'<?VF3^\\\"\'Iso\1\c\0\'q3vNX\\\:PJOS\#,H\n\rZ*6\\An~Il=I\0\8BeM&bjfJi/)#\nK%IWL\v\0ZJyIEY|(\"\07St\N\V\n\B\{\\5F\\rJ\?\)\=\a\\~\0\:MS1#Q\0k\'\,\F0\!\"봪-G#n\#\-\+9#Yv~N<fa-L#h\0gb9T>&5]h\2\\\դw;pJ\\n̴T\$.@$\'mCko\\\\IӭHK g=c	\\Rkd\9;DB{Y-	9椦\?4T\Zz[fDsZ醉R6\\Rnu骾	6Y3)8q|~\Z\=\bfy\\[s\YWcɎRY\V\3\uNH(sM\o\\B=ih\2~\(|38ښij\'R:\FR:Mz~jeMS \5ᕨ\'?g;\r\\\#`K޲5eIgS-|\"R%V\;PunSm2\\\\4#Jy]\j\nܛCJt\0\\}c[nZ\:\\ZZp\'f9\\\rhJJdg\0K#\MU&*O\'<46\)$\9\#7Z>AP*\^+N\#㉟E4PJ\\0\0@!\\\n\:uܑu+\`\aפc \\\I\\T\n\W\ dt;\rH\:cY \70 HTG|>c\\;y3#\;*\R\c)8\@\'\T3;\PJ 3\ÆTz\F\g\DE=Q߼lP#=#[.\"\\\"B!BU\KBQ\\\JI\?H\%AR<O\;\W\\\;<\\0d2wL\U	\\'U\\c\z[Y]۽T\rx/=(zú\}itq>\\K\/\RT%K)I$r2{34\T=\:~N\+ ceU\1Ɠ$v;$l\!T#,A[Iu6\\!`%%;+9#\\j}\~j-4\\z\O켁	o\e\jD \u\L$^u<\ȥK\\Э:[<\x\5쬩~i\\:X:N뒏m%Tge\-EEg9$w$׍k\\V\\6Z\%9w(Mdg9T/%<ſa<w9Ǥ`j4wRR\jT>\wOj\_T\5D}V>?5GCLp[B`Zv-\\ӘKL\UQ\rI0w@\z\gm@[\}v\\\@;0\\JNz\!#\\0pFً\ )2\U\+nAr1PFN~Pҙ\\g#\&\\Y	 F h%W\">pm6X\\zp\J;B\\su`\$P\\0d\*J	\?L$XF\\'ra\H\\5.psӼ.\\0\\'󈆤fZVr	래\bZq Ӂ3\\:gn\$\\\^\:m.\N\&z}y)w zn}#u?L\\XlFՙgYԩ\k6Qd1T}\\ZveD\HKM\\0\>	\Af\0\gezwS)}j\\ԊE\T\4\d\\\[u0TR)č\#;G3T)\UT\\\\F\:\>\Z-e\\gf)i]\\ܻ@	JK!>@\\\r\7|2崙l6\IP)#9>>\-1\\|-\m\NC\\Zå5\i\1O[	Sd\0|\0t\_(!/M@q6)>rܠH\ꎕ[7(K\Z}*<4JT\GH\ۭ\\hA\\Z\\ja7<\0\\Ei6\\\#\\Ci:?,\;6\\`\t\3\k\F~2yΈ!cC\\VOW&\m\\\On\ʝ;+VښT\\k->\BPl<\jhFeS2%)du=;z}\ߏ\(Kѥ\lF9AK|\s\2,):\\0\?L.%]{]IZ:CzW\nfU*\"\yw%%$!IP\\\NDi\\˶_\\\+#8\\f\' 9R\S#Js\Z\zQ\S\I{$\\wd/.u\'Դ\\`wzqy1M\\\\Ԭ!ͲDđI\9Ϯ|\FRܤ㯤c?UI;\\dJ$\\nN\m\0\c`\88Ymsu `@!\'=\"\0x~2\ӉTL\\	Ngm<\9!\z\m\Ɔ\m>\RkYd+\Brb\>(.\\)\RN\Pt2\\\'\i}S)Ek9ZIR&%6𯻳yF]2\U\\\0a357A\F\0W\:x9e%\pX\zd1f}\r0aCDS2M@57Q7VTZe.*Q\\ehg٥\<%\\K#m\ 6\9f!\r=\\\2A}\GO\CaX]\]+O\JT\9I\8\\\~\\kUM9\]\S\:>\\0\T\=p.\lai\ZCm\\N\ZT2\A#}\;\%\e\_ְ*3=\p\Z$&Z@\\_\4U;5ls\'<)\S}њzߑW3\{*zK>푰\)jru#2\H!d˂\Gb#k[MA^iBF#Эr\tv\saC\r6I\OhYw90I\P3\\I[7N*O/\@\=[%d9\\\\j\\t\\6\\f\J9\ʴ1\\\\N71\6д\Г\\ʙI.\\<\u^V\0?Qt&\u4\RJU[.i\i\'\\\\\%[Ξ\\p\iOS\>\\\W۪\\\\\\\M\U\\6O+\ѕʱ\\+\0\b?M/AJ#\3\1\F\_\*ܩ.eUZRL|\[ӓʜ\\C)ٽ3\\6\\0(MYK\+\t\I\_\eMO\'>JG\zB3\n2Ӓ\(lA\G\5j&[Uq\ ieVt\^\m1^F	y>#Y\0y;Y\eS=F6ʺ;.\R(\eJ\gl\1n[ӟ\nUt\0HF\~OE!d%\+\zM}3\\X|HZy$J\.	\%ņʚp2S\Hiuj]~\bPfnRe<2\\\rH#tJ$@>\P=R\)j\"[Mk\2D\M=p\\\\!SFyʉ\\09Ʃ7YԓS\f&Nq,v\'u**/]y>\\8\j22,\\b@(&#*-+\"aKN6\L:T*yP\\!\dT\>bh\$F@I\Zo\x\n:M\:rPv_\\	0\L](\D00KiKNJXR\a\j\YInO\3ITm\r$$D{w\!t\Z\s)F\m^>\"ʒI]g\a􀙖C\#xw?OJ^.w+!NƑe&)\,9G\DODff\ZW2\\@\0h\\nDi\rmjJ\v \},\ȵ\\(\\\<\\{\c\\(jf\\7K\8*\"&Z {)$bV\G9b\)ܳCą})?\\\\6\q\Z1B\Z\&\\D\\sm.\H -\)*\JFv\nHQ;\\8q{2k̤~<\=yG^D\#\rbZWy\ܢa\6\uLө\KEg$$j*W6\"\u^-b#t]OH\\aR2[k<\\\ۦ5md\Q\'})T 7\Jr߻*R6\2\ZI>GH\!ڭ8$\9\nF(gB9cu@եMJ\I%f\OSD\'L2\n1\\bzR\'Ki\qթG[O\gZ	R;\Uq9Z	\T\׆yVr{F\}T9tϔ\+\bk\\e\9yDCV咻q\6=\`\Sj\u)\n8#l\i\n8\ˡ8	IB#/$\񳒖\r\::\\" m\nS>O\%I\A bcٵҦ\UM4De\2\"\\\Y*\'s91HY\?p\Є\\8\&yJ\"BN˰\5TI\RN>\\`F:\\NˬH?V5-]U\\\EAl5.1\@Z!\Yx#&2\nY*tT\: cl\`7\Ų%uӖm\4\\-MtI\-i\HڲT\/&raK\x/\0h_\&Yļ\0\p\*e\dYR!c\$`Q^2Qeѫu:CS\H\\734\\a\zT7\\0?\([tMS=\\ܔ+^vW.\Sͬ\bHi\'ʬ\\\/\3\^ekJzH\'>e\\\'	7\\\rd-Z3$;~1+-%(\0\2\B^ZP=WI+\Bb\i\j))!)=I?x\0aq\G\!pƜ\}\սN(f\]\RHS>`?ukj\\\2\0Tx\\\ӳu}t\|\Sj+\L\\~\We\|zjL\MF[\&rnmkqJ&&9IR\$T\ǜ<hg=jBޙn^r\%)l;yPǌ\P\\$HQ>}O\/]A\0#D)mIHˡ8\9\\GLeݖ\0\(Ӧ܀\S5\̭!/#ݘm=ǡ\\"׊\-\Cr\2Gu\G\9\\D\nu\\ʴvX1^jz^v\U%\T̜\"~	Pt\Z\ \J\i좝Vy0&\NuCA-R\7!EI>Jrd\\A\"\z\W(\ʃdoyDk~J\Cum\ۢ\GNft;\!rPv%\ݖΠF\\1\Ot\ސzo22h\SôRHRO\\̮Q%\ym$,R\IN\L9zR	\6<\%\nNbҊz{\(#fZ\\Ow\-P[dl#P9jl,p`COl\'b\*\n?au\\v\kōTN>$dmuG	J$\e\4«̙&Z\9ǖ\˦ut\э\'.Ŕ\,JiV;\\P\\ 6zvT\D\cC4zX\=$>\\?MwŖ\W\&\\0\"D\ӷKLT0-\\\0\oE\X\0\X\"6P9\\%٦O\9Ԫa@8\\0GH%\۔C\r`%1$K\_ۧ%)GG<q\Rh\C\`n\D>\V\ܻaלl6T\\ʐBq簁4\0Akwu\g\pc\u.\0Tjy\$^KAȖc\\'l\)a\\(\\Քݝ9*f*/+>	\\ʧ\J\-˦q	y$8.NNU߾\0Z1\\?tP\ur\0Nߜ$\\\?\R֢wH/@\1(E;SÅ\r)*?h \@\\9\W8W>\\o2 \\Ҹkk\\0G._\!ka\':u4Z^ҩ=Q50[ٹyFsF$ie\lԬ\TZ%cf\*aq:\ZS\','Derek','Limbo',19,NULL,'09463276543','Cuenca',NULL),('U0003',_binary '\\\0JFIF\0\0\0\0\0\0\\0C\0			\n\n\n\n\n\n	\n\n\n\\0C\n\n\n\n\n\n\n\n\n\n\n\n\n\n\n\n\n\n\n\n\n\n\n\n\n\n\n\n\n\n\n\n\n\n\n\n\n\n\n\n\n\n\n\n\n\n\n\n\n\n\n\0\0\\0\"\0\\0\0\0\0\0\0\0\0\0\0\0\0\0\0\0	\n\\0S\0\r\n\0\0\0!1AQ	\"2aq\\n#B$%3RSbt\\CTUr\&4Fs\\\\0\0\0\0\0\0\0\0\0\0\0\0\0\0\\04\0	\0\0\0\0\0\0!AQ1q\"a#R2Bb\\\\0\0\0?\0\\&QŻ`WX%\GI\\q?\\\\v\vH\0J	wFVӒ\GHይ\)\\Z\\v\$/}\Z\Zo#e[\\0և\=`\'%\0GA\\r?Uiɟ3!\0\\pŪ\8\Rox!^\r\h\\0[4?K /GFK9\0GJO\3hH0@6]~\ѐpv\p\f6\o\n\W\\_O\-?:D\w\ͣ#X}\`\'q\\vܫhiv0k\\\*\{x\׭,י\\0\\-\0W\Gb%0Rdy7)\ۋq.ӬJ?;m<b\PH˖du:OdfӒ$\5N?d\0\Rq6Q\\n:bz~\4\NZ\8޾\\\\01\Oc`\R\SG\K$`ғ\T\\wz`5\ط+|5Ə\~\\#L\a#\Z\J/\\)0NLc\X}\C\Ygr\ڒ\\\^`}MzJ\')\<2,\?3׳全3YikJw\\#\4\@\R\m.>\nNCMYTrU}qLi\9m_\\n\X#\\0\\\i\L\>2@\\+Y`R\\#,F\6.\\%ȃN#\Ҥ\ս\f7B.+P\$T1Ӻg1	S6~Q\1	\\odc\JV\kl@ЋVӕk\m\T?y\o`)=\D\\sbMN#d+v9}Pq\n\cxO\ZU7rϲG\\r=PL\\]B{`@Z\)\ %9\2\'\"]d<9NqG*#`\\%&:\0nL\\X̜o\\S\\-\\\<\P\l0rx|v\,\6`AAm6{\41ȞS\;\\6re\\hm\v\Q\4|e)DdT3\\\\\ x\;\+W(:Ǩ9Vôg|\.z1\Q\%G;FAy\\!0*vլ\\\ʐT\+|J\\w#\W`̒\$b~lch|Ak@{	\.T읻o\Z3$c~Wz}N\wj\0\'\K\=S*\p\nW(g.:$\\\n~g\\%^\\0톞ju\~\\T~$\\\𔁜$Q8#$>zF}7:\\2\rbܠ[\\\\\!GD\\\<q($\u\N\\3̻\iV؜m}\\\=NѥM\\\j,\^jY̸K+J	8\n\\2z\\\CNQ\Rn\\(zQ\' \\aZ\\ͦZ\d)Rߜ0@\#V\^q\\\`k꾳)\}#\8\\\~{5֝O\G\^Z۔Ջ5-Of]ii[i)YC\\D	\'x\&kޛk)}\\2s\je\:\Q*B\\54,c\ndMD=bǬnK\uCJZq\\ʶ=	=!jJeI\¾0Q-bv\d\H\BC\f=\"0\7V\rQ\s%<k6˜{\S\Su+^q% fW \p!ɺ}W:\;FFei46q*	\;\Z\$nϝ \&H\!6bp\129p3\s\xa\\r׊Y\N\VZI?QC,Ҝy՜ \K\VOHgrkf\nBd%\uM\TYtn\Zϸ{\&!Z\\n7L\Nh}mSbn\rW\\fi3)bp60O.TG*Ug\\\ ^W&\\nY8\\uZ\`PʉSo7\S7sՁp\fI[\0(G8OI\6p\mNK	R\\c$% \%_O\0\0S!\\nL!?<\O\G%Zt\\\\g>B,nP/7@G3re\0`|bRiB@NWIJR%\n\\PA\+dvbt]с\FܡSk\\s7VV\\Z*)\\\'8\=x=;߃_ߜط!Cw5\M}?IzW+u\f^2i*BJsL[N<x\Smx\{\afV~-\%}Mi\@\KB{ڕvjʤSr\\na|#\:i\R}\\g\5?t\=c;]\njV9\m\ccԶ	H\hfeDA\\\았ʚlA\N\ 3.67\x=rT.♁:&%!\0u\gFAof\Z$dJ-\yA\@\)\0,w	\Hܯ\\L\Q\\\3TU\f\\8\\U\Dr\m	@\!\|Nh\\K*VaC5y\\j?;,\\rOzq0;\} \VAR(\\\\r띚h6\\n\&\\$\#\97Q5a 9\K l_.)5EW_(\YS-o:?V.\Pzz458\9\\\\T\#\\"GkZN\5\Zo\\=$R*u@\B+\ryVN<b\je	la-\_Ӵr~~\p\p\o\\\\T\AC-=V[lr@@\%G&:\hZq\rä=\nl\\\\$K \~\8.\+dhpn\H֓\\ha}6HR>l\Zj[RS\3:\y\\\ɟo\	q<U\\)s6siQN=\\0I@u\E4\\\[O38見\\|ȼ\̘ $\9\ǭ\\\N[m\]p\'\݃\G7TvU\ZdT0`%Y?oxC\[YtgjEU]5:\\IT\l=ce-,\p-\\\[S!LXk\Sq#\Ze\2uʱVnB8BODvmJJ\0\k\Zenb\	3Nǔ|p!\yRjea\V{*NTۥL}թ\j\w\T҇\O\Ш-Zc\j>?\0b-k\`5\~\uj?fI\p\0g\Pp\\nܵz!ϒ]\c|\\ܼI¶GmrT\5\u8\.}j5jyIڷK\'2\\DDǘ\mJ\۴FL\0uj\0(P\\{	g\u-\\\"n\'Y/gPu	\\'T֨j^A~\\:%˜\;K{=\0S]Mꤏ!(\\0\羽?\\7F(\přT-\\\R\e)D\O\	\4\0\A۴s[cN\S2ZT\	ʏ3\p\{\zDU\W(v.\2q\\~WQ/CbFHξVR#\Y\A\;[\\0Q\LM,l\\t\\~+\2MBӉUO\pjT\φ\䁀IQ\!\\\/Uҷd[jaSd@Kcd\\8\:ѩ.JU\>E\\n\\*Yd*nΔ,\l~\"bt!\\\ܮi8I\qaL]\\湥\5)0\\\ø\/^MqS2ߘR$\XZa\\\*s3\t\L\\Z<QIm\elFOV.\$\K0Z}aI\\0\V\k\\.FL9Xly\\\\~/x׽*\Ҩ\rT\\g	mPW//:\\\N\b\\7S56\3z\\yLΡ\pF	\O{\E7wM\KYKjP\08kA%CC\I\J\4U\G>\\u\n\!we»N\^zA/}>G+(Sa.\0СGS}Z\\h\Zh\\\r\nEZb]>\(u*9ۭԤ\zXu|nMRh\9*qs\Z5J\d\\"}\\I=Q\\\\'v6\0-=\[+y\p.j\I\\W\%D\\}7\A\(%7C)`\w\\\\|x\Fg:1\T~\60ڤv\\NrO\3J\BB\GH\'\?\	ʈF+}$\B9\\\ \d\\2r\aS 3О\rK\\#0mB\5\sLL\8\9Z0.F@Ѻ<d]UzaeZxA\\\"z</GI\ZÉ圵\l)GʃO\z4\z՟p<\\(,?TCT\UiO\08b啖^p}YRIy9G\MdοsrF\0\8\w\\rsQʗ\rr\;\&\܍\u1N\\ZY*\\n\#\>j\V\\\\MRЄ\H\Ю\"z/1o\YTj\\K\مL8\0R r;_V<y\X\\\CtI\KZe&\n)\6$\+Ʒoy\&U1\\T|4\$r\t0ƯE\\\\/G\\\s\9lO\>]|\+|`)c\\I?C_eDJ\\}yV\JBrӓ\\\\rxڽ5\ZQ\3/TE*(VF\7\\Ƙ[\\sGʹ.f[\\4ڰwRBzeT\\K\4\nss%kW\"s\u)XH\46\d(?:Zۮy\uk\S+lj\wC,P\\\\\0{\\r\\\\sjmprN\5E\f[G0K\\<ܴ\a\ln\Ԏug\?dvq\a^{ZDs?\ns\'\V7ca\tBS\&\0>0 fNcΒG)\{N3\0yhMm\v\$\\:(@&H \+HOۯH)\\s>b\".\:\0j\'!߯\1eV)뛜9\Ϥ25-Z\ɇIS\F>Kz\)N#\kŵ2\0TJKm\\\g\P:\Ξk\\ Ѱ\Bw%u2򕋙*amK(9V}\1V8K\"Ũ\0):N!ZR\)tY+m`\G<p\<\++/ԞKIT&䄤\\Կp8ɪa\\#Lah\=\\48ߗ\\(L%Sni[̲0\0\'@\Zج\r3\Ȍ\F\27G@BC2\Z\\W*oJ\\eHu>ʓ\\\E$\pz= V^Q孝C\r\\o\^\c(Qcv1@J9o\\O\,fOC\07M\\\'\knE\\t\%\(\;XZrd6\%{\ENK\vbz\P\0e\\1\"\NZ	sLe\Z[\8n<\w QK\\*iP\	YB\\=c#\n2\EMLљ1\	Oa\e\i2$\ro\P\:\g@¢\*d\0\\+js(=\\g\&~95QZS/JSJ\ze*)S\\I\sߠ\(%CS\:3\ޯ0\V#Ѳ;\˩y@\|Oc\ᶔUn\'\\տ\G\{eyTUL9>\\\\\W\r54{e\\\(gɶ\a\\ţ[\\P\n#\\\=|_zRA8]-m\Ngfy$\ǹ\t\'\CT\\ѼH\{ǖ򂤃\0\)6@\`\3\\\P[O<@x1323\\mRP\$%g\ \VT\v̌ï-,\\BSN\0\X5V+y\\!2ڣOƩ-Ң/\+CGHTp-s\r3X\Twf;S\\mZy4JXqO_\\l*\sI>\\\0EڒV\\D>IihĢZAw\nI	H\0U!=;ϥLsimH\X.v\O5ϫ\Q5k` 6B׿A& lօni*)yAiQ@\"ųK\nS\x\΋Is\[tWŲ\\\\B\\\\\8\\ r~[x\"z:̷\BZ{2\\r\"GHC\\\r-h\7ly>9\\nZ=n\ٗ+֭Y*JP2\t<A\PX1\'YT\y\n\e$!Kj\q\0kT\SUJ\bw\ad>\@ϲI\L\\e\\jȮ;i\	ku,ZW\0ܼ\8Y\V@\;\](V\'~W\\5-9DLʚW(\nJ~]m\ʁO^39\\kK\EIKJ\))R\\!\{5M\'S?$bx\6qJ[;\\PN\\2%\\v\lo\`}6\DS\d\a\\Yg8=\\O\#LǶ!Ve)\" ]bU\\\\-\r˘F~64E+:%(yJ\\"4\kiG\t\[[\\'\C\x*>ҟ+\1oO\ΐ\fidKessc\Y8\\o!Vy\\@(\\\0y\-2m\\\\[\mT\[EڋN\\;y\H4KѝĔJ^6V^S\45˩\8B\T7\AOnaЏ7KInǄ3Sl\\?F~ \mcԼyH\8u3GKF癦juP2eX\\x\'\"\JU\'4\\'Gk9dt\\\n{ɺF`CIJX\r\\\3U8N[i}2vĘ	:B^Yȗ\W:k;4\0\\'O}|	O\F\x%Ĕ) \Z\\e\\+cN,\"{cIzy΍I\\\f[H\W\1\\\0-{	˶\pB¾\0\\ss58}\wR\\	\\D\SO~\rXMU\&q2%\!н\\\ѲeӠY\\\\4\\vaɄ\-\({Ă|\\D6\lOVv\\mR\\\\\ \\]Ъ\\\55KbJi\ZdڕHR0|#K_na֟9Jq\P\\Q\U8=l\\\ba\)\'9\\T]U\v\o3,\\\*LL@!K\W@7\\\E~\-]T3<7+2nHO7^\秫+v8k\杔hOʸec(\f+\Z%f\\z5LW<28X\蔻\R\F\\'@c9\`\\\HD\k\0v\0L^yT$:2\5\f\ez]\\'d\,MJ\ lʤyX\ZQ+\vK\3\2̞J\{${\0L\\\'4\Zl땽Pnb\\\MNm%.\.\NN`\\0盛A\nI\'hup\\\\\fm\\*PJXH˯A\4\rTS՜t\\\\-N0\X^\\0.>\\[kƝr]\:\B\\cz\\VN\\\^ܕJ}\nh\J:YlW\\^[VPV\cGkիۛU\ڷ(\yn\ɰ1;0yG\'\;bIc裳l\Y\bdM\r\z+\\~NLTSRE	i\7U㟚\|4\WVm9,%%7\\`~\mq\\\^4V\2S\<FA1at>\\y\"_U%gNɻ&\6\\0/+	\%@FAm]\rNa\|K[*/\QfCN\Kiu	Q%)\n=?MtuE)=\E\}8qp\6]=\;ѵd鞌[\{R\e2yiD\s=\"\\u4D\T7;<\Tj>f$Nc\\\-\\0\y֖\\YR}\g탺JH\k\\\UUT\r\u\\nOXԺ%\IN#\nU:d\ZP#\\0z\nq\{f\\[ꩧW1RUZL\bmgrRUЅi\\_Eҁ\EL\n\\\P\=i\frq\L\?\\F\\]bse\\K\kϘGe5A\0FA71ꖨOZߟe\'T\256\\\>\&/A\0\\.\uk\\ZΦ\"۩\Su\j,<㫕.(\\u80r	n\WFX\:\\\'\J^vN77\3]nY/7$\'|\38\ Y\_H\\\RU\\nz\\+iԷT\CM8Ҕ[j\B\W;\\0:q\T\Z\\cp\\\m\bm(ye).\a\\R\\s\\\}u?H\t2\lWS\<s\5dd\˩\%V\\0\\\!J\\\Z2or\0\\\\7\\'\r>k\ZrU\>䕟kS\\'>[P	\y)_!eILx\\\+ұY!u\fa%-,\sm$J6g[\\r-nieԗ\n\F	hq\V\85?	9e5=Ke\rFSN\8\?D>o*\D\\IlL\IBc\*\_\ؕ(m:VW}٧IND\)(q\,EH\R~ѥ3Ff~ј*Dêa\'\6\\\P\\\\\0r\1\-o>*EN\Zni6 A؃\{\Ji㫥X5]&Q\\0)uӎ)\9I\s7\'\"ԘM\!yg\qg\v\\ַ[,N]z\\\L\kzJĳ-%\+J\_	\uYGsZk/%pT\Nj]\\Gs\mɶVm$6\r \3!TAݝ\O2E\uq$3U\o\	\ڍĥj\+R^=A\;IO-	\GGO\mzA\tmf\<9ʂ\蟌(R6jUYT\\\\\\\\\\'yStا\\K\N\2VQmɻIzEnҒy:9HO]\A\9\m5\ѹu_[\\\'(Z+1Q\\SU\'Je-ǂӊu\n*\*;\'ҁq|\\Zh\\ZS\h;u\Wltҗi\ZM$2\Q\\p~a\H\z6\\\S@\n_Gx@vn~\\J*Drq`o\|\Qe\D\q%8 :FN\\P\faR\jIJG::\\'ܜ\ZkՆ]~P\njkLW\j?\4O\"*\/\GM\\\˜U\Br\ 8YT\\?̖3\\9\\]\nfY\ziJ\(i\#yA%DdB\\m!ӛ}F\fe2uC.\\\0\Iq\\\9p\G>TX!@*BRn\L>2@!.4|)\}\\Zv\\djr\ğ-\FO;\'K.\)Lc\vi73W6w;TӢ\vʪim\\ͦ\ZjߐrM\IB\̚\stC#gl\ZG\w6\\]\vأvِv\I\T\me\s,,\:\"Fzrf\nqH\\+GZU`XI\Zo	4\\z\}\ޝ<[K 	\0		H\0b\ZG%\ŘiyQ\\n\p\+CI\0 ̦`k\\n\'\\"!\4\E\\Ƥm\kJLȾnM)Pe\y	\\@#`\u+	\\yp*VOi>\O>yJ6\s6\ZNB\֏K7#4\\0\\&)\̫\n\' \	\\\"\\\2\]C\}]\\\\U&WZ^(\3(-bfeJJ<<lN\&7W\bZȘ\\Ge2U֐S/9[[CI#8L6\\\6\7\\]1n_¶\\\2uÖHA\Tg\\aG1ׯFjo<ٚ˭\P^nv\U_qj-\J\nYI\}\(h2\\\J\@T\_\%кkNSU\\\i\)Ii\-<T\!ܯ\','Trisha','Gunio',23,NULL,'09466485696','Pulo, Lipa',NULL),('U0004',_binary '\\\0JFIF\0\0\0\0\0\0\\0C\0			\n\n\n\n\n\n	\n\n\n\\0C\n\n\n\n\n\n\n\n\n\n\n\n\n\n\n\n\n\n\n\n\n\n\n\n\n\n\n\n\n\n\n\n\n\n\n\n\n\n\n\n\n\n\n\n\n\n\n\n\n\n\n\0\0q\0\\"\0\\0\0\0\0\0\0\0\0\0\0\0\0\0	\\0K\0\n	\0\0\0\0!1AQa\"2q	#RBb$35rt%468v\7CSs\\\\0\0\0\0\0\0\0\0\0\0\0\0\0\0\\02\0\0\0\0\0\0\0!1\"2AQaq3RB\\\0\0\0?\0αzߋvbj5ۆƓ\"\JG8HPmjHRBy疉\Pm[\\n\˨K\KЄ:@ 9\<\\\2\>ժK]=\8eA`\+H#C\\\\\\&\cʳlUwp:\HS3T0\\\'GifUR8M\\߫~-c1o>	*3EiV=z\tɃ9S\\"9QFJ\?\w\g\Rf@NNSFXK\ag \'\4\ƏrDbJ1\Q\\R \Ә\;	+~ZV[\\A,)e\'%tϧ]x̠Ѭm)\R7\nԒzI@1NA-:\\0|%Y\ZҸ3u\u6[\r9\\t)0v@\ܮ]Nsq)\ |QG\.8ߺZQˉosѯV\cO6\J	ϐ\\	NӬi\R\r\\rYǑ\g4\\JBӪ&BPl@ d~\ԍLъ\J\Z>\X\z{U0N$-\B\/x-#\>#;\KcK]׷U=\e%!\$\<(M!v\)JE\YH\n\"ZmԤ\JGx\\\:0U*&2\sd#\'\Z17\0\C\\Zp\߭\]p%5}\v[B.tBGpny[̽Z󋒜>=\\D\\0u\&3t\/ixIm\ġ\'o\>R#@w*CjT\ntHS*c#i#;3Q4%\U[O\\\\뭚\\n\}Jо+\I\0C;M\mי7lwi\r!<-\z{Iy˶[@Uz\u1E\$\u%\')\:+\^QK}UN)H\XL\$\"aR]jFuoL# -|sm\k\Z;\j\Ju\i\'\R0\\\\Q2ْJGЁ\	\ ,-\BR\!\#0\\RcG\'<kC9Y	O RS4z|\\\қ\n+a)\_4<\ZSHoRP}<IRO_kIp*iu\Ku\'A}dƻեh!@]i\.+h	iT\^_MCJf\iK\J8R\jJ5\G\\Z.`\F	p(UЧ;Q\ߑ݀ё\!$g]yx\*؏r\i+ )*\G\jfS\\R\37J\P\[\A*hÀ\$Ze\_@$\)sd\nxYK\\rtC\ԄP%<r\\O\Z\ax\'dm\\NѼWkP+ZnVYy\\H\O\\\\-\͗e\lI\5V\CT\jxq:j7sr~/j\nT\jۏЅ^#\ x\oK͂\5\{\Q 0~Ban\ \dp9\\\4l\ָ	\\Z\0%+=/[U\lo-\]H-aag\i\m.\Y\XZL:t.\ZS6|p]YSe_<|z]e\dR(;*\%ʃ\\r**R\+(\\\\\q\5+tu	t.=1\J\02\i\N#\'*</\noy\\uK\'JUU3ij(dc|\?\E{3n˅\;\  \\[\n\'lxӾ<5JrjjGu9nDwBұ\G]qJV\\K\\ZœPnM\\v	P\[}\N˗NRDZ\0\(-M|8$c\]<\D5\?\n#{\n\R8Bvښ>rxU\QXSe\'s\B/i+mIW\YDP0\nJr䅟\\K\'J]\;\ɢ܅zԵƔ\ܼ2Kk>=}\ϗ\޵-ި0M\\°pJ\Zm\b\¸-˥.*M[k\~\\#xI\UFmuN\\yG2O\N=u;cY\!灠\\\iuȎf\C((A\ZR\Z\2⑒nZ\h9\\'( r֤kfteq!s\MmԥqgJjw\r\MMa\!.0(FN}5	*\~o\ۇ\9S\\\j&h\삞\M#\\%HK9\F)4\\njO\6ִi|J\\ZAg\`\\\ۆW\I\\Pu)JQZd+\v\:6\$:\J\%*\MD£\8iVEr@Tb0BKo2@O:)PSG \*I:0;=\Zu\L9\\l~m>~#\RPU	8;ʚC\\ܴ{R\X-K-\\\FOj\2K8xy\\F\\*D&:=y\\jm{ۓLDGyx\@K#ŷ\nćtE2\%\q?\/+BH\=9\rQ USeT\u9\\nU\˞?=H\\u]\{-\\48^^gM.@ܹ7:\G\8C(\\\\:gӞM@@U\]Jcy\6\V{\O|΢p\`uF\nh\nJ\r8<<iwMo\mZ-Vs(\Ҥ6x\F\nc8\\zve§V\x\)qe*\\r95\t\l\%\\fhHΤ.\^[J\0\\udݵJt{=\\,UZ\^،d\h@8B\\\\~v^ي\.|b\\n_*A\n}i{\ExD\_*\\׉\}VN[\\r\"\\#T\nP\אƥ3SP*{%cZ\S\\'MBÝJV9}3}$n\>\^R\\c飌\Zϊ2\9\\\24c\=v\\r7\Z\Z\ޭ\\;\" \\\u\q\n;\\?N\}\\m\\Tѷ*֫+\i˚\l\'r[9\q_s\Vkr\y<<\\^=8\N\_h~#ު\\TQ&I+ٓX?&>\K\\h\WG-)k\"-pA?\Iҷv\\jC\#t4O\\0l[뾶md-fHGg>cs&vٚ\\\\\J]n\$宮vVP\\hh\Y\pʣՒG>,\u\F\}&M[\\'3\.%1\1\\\RWo\\&\F*\S\%⦡\pbki\\\\\\\U\o.\o\5gW-s\\S\]iP!! \_\D\(\\s:G\ObY\>+HUam\pxx\Q9\j-\\0^մ\n,q\\\t\\Tɴm\\]EYڞLv\ZM!i`s\\>\\[k#\\Tbǩ\\\0f\ƴ\.GxH\j\v|\\Lt\\C]X\UFq$)?\Ax0~@Y\r-cREF\1\j\r\CDK\d\[\`\'!cYl	\-7\Ryyj.cN(<^IO1{\?UX\\E\|o,6]KrB%ͪrJ	Ж	\oQ\$.z\\\\\\\\*Z\i\6\1JP$Gʁ\\%\\\7p\Fi	Q\e?G>\\\\Z2J2\!Y+䰡܏\:U\T	\\r\)/)q]\9pm\StȪ\5\Ԋ\6c\NܖdjEq6=\\\L\)\Z)bmDd/#q(\U\x\q\\\\\nv\\\n(`(wT_O3f\Y\Uq\m䰸u*l\\ \<\\\}usjjm\r=\Z\S[o6\@B9eGetErjI&\\v\[|fZXAS)#\\-V\ݺ\\\\5\0)2\c\\m\ޗ4\"CL\\k\G\\9\ҪJ_\nG0\gR;\\]3{!𹞍hRh\\\N)q-8|A\Zа{\k\rXTe!Ť))HH\@+\\Qa:(1 [2\\{\$\<1\k>,\\ZEfRR\<H\ >\\n#\rLY0\uE!\`,6cF@-\rq|IA<\o\}Q\iةTZ}\:Rүus\\6-6*N\I\e_\ω:{\f\\\G\!H\nm3u\<\\R=Nt!\\'bg\.2f-|/\a$Lĥ]w\J<\\Z&MCI8\:\\ݡ\G~*\8sZ_\\K\\L\o\\W:d$y\D\C?f\\r+q*( \s\r$uNyƛ={D\{s&\\ZI)Cƹ|#\0\[ʭ\\\\ R\\Ō@\|5Bt%8\<t~6\\7\_㤂\%ti\N\\9\\{b7m\cR\FRf<=8ڎ\OݿpY7-zį\\î-5X\u\BA\\j\V-]9aK\d,9\p\ҶF\\\^*详9e\"C+C,=\ʲ	$c5}!Cq\:\\ÎF~Ǖw\zU\\=G_ fX4N6.a\v\\ܵ\rSUJD%<Y\rs\')ε\.\]\ro\jB\\.$,o\5u[V\*T\\ӎ\\ȳ\ɍȶa~\'\q4\T\LcsF\DUK)CRB\]ըߴO\td\0}T\JBG\\\\c\C|)\\'\B1T\\[\!Dr(\\4Щ\\s\䴴$ͫ˚u\ZU%&\'\J	\ZM\w0]FS0nȭdBmM8 sѵP(|d\n>=AכĄ\q\ĬNlz{0i=\\Fs\ۇ̚[\lF\c\'\\W{vm\JlJ\A\}\\\zՉ=\\\"0y\b\{/=q\\0-9D\\\n\<\\ZUʋba\ѫ!]jQi\8?0+iav\[ّ*_a۾ʝB\5{eI\\·R@<5\R\0\.z\81d\":O?y\G\\\yI\Zzc\Fi\,`H)ʓ \ą(\r\\tW\"myi\`\	\0hR\h\j\s\\ܠ_m7*\ř\)	pI\jIWbSȫ\\\n:\w\C\\$2=5X}\U=ƴ(\8#7\Z֧+;\L\iJq\	\=|I\\S$<%jn-,\r܅p\p\x ԏ2p\rޗ2\3/2[\)<y\lW*t\W\\dӯҘ!\\I=5\r_\\*]H$բ7iK\k_5f.H1]BK*IP=59Lދn\0ڊ\\B[u\	\W:[2\5Z]8\\rSl#ӗ:%EIQ\\\0J1tSV-%JV\e2`\.JQ#\\Z\/\f\}v)ԺBJa|i$++\<u\x\nz#ߦ\-ԩ*j\fWt\8\<1\@Wf-2!Y3\m|\\Jl70\0Ɓn-\\5a\"q\dH-\0$\\`t\\\:ee\<UZ{\'Դ\CN5k]\s\\\\}Z\\\tz]DG\1ǅ(\\óM\\\Z=:}_!hZhc8SS\Uwj\]\$ӷ\_m\8\rH8壪t;\(\UU2E\[~A#\\\|\5zT\\\eSP<N\"Bs\)>7K^z*\\qvĽ\q\/<\OvpmulR66x!hlMN6\!;-\JKl\\S\\r %,\tݎ\\\P,.\zL\=Ry*\\0~\y`\KK\m\ђ*6\\T?\kRLw9p\V=q˦Ga\Y\Ȍc>ZQYm5tGĆ\as;Zu-ds\.\Z\vc\\\n\O\oT80$\Mi\Zs#\y<\Nzo$!$xVn\F\F*\\"2\\\I\'*3	\\ZE\n=V\Ϗ\r\I\ \#\!\/gQ\ۍ,ŏ\}\0u>\{Qm\7P\lI<l|$oE:;$\@t\n\}{ې7ݶ+\24˩7\kBS3\(\\ZR\rB\\.;1\fL\<赻\"UR톣侑\ˮNYsDAZypF6^h/s`Z\\c\m\\\\r\Ai\\iS\2\^Hl<\v:\05\"\\ns\G6ؔ+\Z\\%F]UۥRKnH@9#Fۆ[j8\إORhFP4o\s.[jZ\\H\\gPA\c\\|\\\f\\\+*r\rJ\p\a<N(\ G\ޚ\LYoMf2j1˅>W4txDHnwnY\nG0p|uqWS!*9u\fڨ-ҙ\|\'EƼ)D\<\\$\&I!\r\=}I5\":\n\OS\\\ڭ\R\\Zh2\ѻ\\N\\\6\Kdn\5b\\\a$[\\xFH\<j\\\aF\BoTm\08\Z;p\\D\\jf0\O\\e\v\\П\KMv\<YHa3k\Z%Q.BST{9m.\v^\wIr}.\3Z\\c_\\^}3kP\\:o\Z^\%\iU\R֑ж\0B=H\F\p8\W\;Ǹ\*dj]9(ZfTg\Q\HI\NuGp]#]\meT7M\nZA^eN\\\\\\r\15NG\\i\$RJ\k\b\?[\\\\4G[g\gQ\\NiԨSn\&ƫ\W\~U>g>9\uy\nbta.\qiΌ\Wr\\\^\QAm	~E*kUbő\[S!\ɥ2\ qH>Y\\Ahܵ:\{dH\m$}\d\0NO3מ#ոH3POh=iM\\\\PA?BTqxr\\u{L\\\7f\YbHIG\ﴥ1K\i\Zۭ*nw\616mA\k\'47)\;>-K	$ \R`L[\hSQYh\xK\\\=\\mER|Əp\hP\A.B\</\\Gun?S7\rN\MEDTy snjӿ\VjCI+\uj|=fm\;;\\*p\\\6`k\}+vP*$a\\r\\\7^\R6\Gi>MykK\\\n\:$GKq\rR-+i<D\0T@O\\0{\rv-h7mC\\[\n\.+,\\r\\8<\\ښAHO4{\[W\\\\':y\\\=\ѥƴmjIO-\9tPR\ːԟQu=\\ō;VJ@\9wj{*^\D\^\G\ƺ#wR2M\:\QUzܽ\\M}	I#!I>`]J\\n\0\N\4k\n{\\Z즥#)$\\`:\\\D\mwY)4\\5[xuR!ţ\% !\\ۨs IJ\: \-\\֭\ \{CKd5+Gq*QǁGC^\\7	6\9i%\n8<#E>(O\ʎBP\\^V5\\\\Zz7*Wj;/af\\z|\Aض\IZh%*)+)>\':\\Z?o\j\JV\)0_rĚvOT\|#\[\"ّ|=Jy\\1myq\VyC%X΃\\zv	]tyNT\58׆\\\&=^\\#\n\R@C\0\Ҝ\g:293\Z5\m.(\\R\J^\rߴ\6:\<\8	PJI\MI;&ST\O\߂\bD/8\Zk\U\'nhI I\R>G뚿gf\J\=k\h\4\\\tłpNq\]\R\N\r\\A%\	\Z\7U\F0\Em\l\"\\X2\QSd޿%\r\\qgI$O.Tj\3ڎ\A\9O2i\mَ;)\\1\}O#ViH#9PO7\ϧ\cZ0ZIe\Ȟ\nߺ :cE夁ԍm[mS\y\yD\\->⯸\\\@\]9:j\$f}j;y\\\Z\Ǫ\}\\567S{-(Sч0T(<Cwio}rg\-#!\\\j>\n3\\k\\\BOSÍ	nan~SxRpR~Za=0~\Nb\\\nn\Re*k\fQj M\_VA:\:7\0캸.=rq*YXK\ѷ>\EIO+]$٘FPeQV\\Zo\Ϡ\Z}쯱\\-Κ\d%\{*W\'>\Zbnu^\ګBu\RJ\`e2]P\HTI\9T]\6\;\\zU\)\\%\\j!~\\J++RS\\y\n\Zt\\mns1jO%n)X\nϢ\\rGm@n\0Dg\TV@ |\^BjK\BзXʲIQ¾Ί7Gv\vz;OXPi\fB\Z\JU˨<\28r,\찺(\\\[\\ٲ\U\Y^\´	rr\ $9\N\h-\rőGFƶ\\ac\>_@4>\[ݷ\\rL\F\A^.cS\'k\\8\[\]Ʀ[%O\95l]\\1ŻOT^51\a\\Sy|.6Tm63\\'\]8\ْ\ي{ۑ.5\9\A4։\PRU\:\+\Z#P݊h\lkdb\jSO\q<KTڈ@OTO\Q\秗Nu{1t\\roGK&)\\gڱ.\\c(+y3.*ZK\në|\tdݪ\\noh\寊A*Slg\_l:~#\\\U0\FRg6\c\\rӊ\zJeX\4Cf2\0\\'RQ~\]X)ƒ\)\M\rLtg\\Z\fI\n@1u*R_p$c:o\F*\ra\'48\G\<xhn.kWuH+y\gH2C\jrw5=PRNV\>7ܷ\w(;3mT\ӧi4.HC|\JG>6\bR\\\R*8\ME\H9sGm݃h\TFߍ\Z,t\c\@\rNRYXFyP5w?-fS߲ﳿn͊\g\rᶨCҜ\\\rժ@ad-.6\ĕ{宨][\Z\0pJv\"qﺐ2>4bS\𶮟3\PR\ݏi\@a\!\y\\ad#@\1䦕um\o\Ԋ\r^pJIzBc\\W}f\\dR-\+\I\-.\:\\:\ry\"\\ו:qb/u\WjpS\ p<|JSFܗU\4ۉXP\⇨\n$h)\_\Zx\w\o^TR&BˉJ>k\0\"~\Sd/7&eYZ^hx\\D\'rn\k_&ﴁu_\N`\d\"b\m8#}C^\V#%\	\n2H\8Ea0\;GS$!\{;$c\\\4\>򐃀h\s\k4 ,T;}\\\\0R\5q\0Xo$\5G*?WI^v\\0e\0q\k4Сo)Kp=}\A\\id\>J\\\\r\07g\\-\\Z\f?*]\:5X7\2\0\0\Y^E+A\\0娙?Y\\\\3տ\7m\\Z\fh?EFW=O\\\\\k5,\yQ5jGBZy\\?Y֏(\.=~\\Z%D\0gwjּ?\g>\f\ʛ}\G\Y\B\0/Y\hE\','BIGGUS DICKUS','ChadBig',21,NULL,'09386508693','Lipa Batangas','Hello Kim jong Un'),('U0005',NULL,'Keith Richard','MEMER',21,NULL,'09386508693','Ibabao',NULL),('U0006',NULL,'Chad Big','Montefalco',21,NULL,'09876543222','Cuenca',NULL),('U0007',_binary '\\\0JFIF\0\0\0\0\0\0\\0C\0			\n\n\n\n\n\n	\n\n\n\\0C\n\n\n\n\n\n\n\n\n\n\n\n\n\n\n\n\n\n\n\n\n\n\n\n\n\n\n\n\n\n\n\n\n\n\n\n\n\n\n\n\n\n\n\n\n\n\n\n\n\n\n\0\0q\0\\"\0\\0\0\0\0\0\0\0\0\0\0\0\0\0	\\0L\0\0\0\0\0!1A\"Q2aq#46	358Bst$%7bruv\CDR\\\\0\0\0\0\0\0\0\0\0\0\0\0\0\0\\04\0\0\0\0\0\0\0\0\0!1Aq\"2Q3a\#4R\C\\\0\0\0?\095\I\v\\xm8v\g\\(m_\o>\r\4\8wpG\	8r\8\\\e_:&\|c\߻>\lCy#s\!\\M<\\A4\b\\ӦJ\\n\\+ަLX\^%_2M8\eAz,<`&*vǩ5Lm\rj^bA%Fh^V\Y(\) V\rFn3\6\=\DH\R\y\Z\*_H\M\r!܀#4@\l\ʼ\\yFP):F\m\-Ľ$P\ZaUi)25\BF%@j\୥\o%\wBZ\(O\:\BI \*P\'bz9\\0MY\mlF\1\D\\W|\L\4tT3\NSZD.Fp\G2VӦh?R\6kLr/u6k/N{p\ddz\Wi\ES,c|m\7?u\]4К\0qڙ\q\sh\\)l@\jW\e\\.v8;\ `\Vⷳ\\_\!\O\R|q	\\\(\S\\ZJʏ\	ZwugF\\i\1-\rX(\7Le36\Uo:졸?Cޛ)\z\\aׂ:c\\c\_&:\f#+Uݖ̄\\\N\i1\OSֹ)j\\5\\\\0t\\^팪D4\q[Ie\)M1ou\/].eWP\Ǖc4i&V\)銯\-r#z\\\0,\nMGԩ\ZKֆ*-U1h\'TX\n\>\ZGARz:\\h*+tg\*X.j\m7rqC*ɨrt\rU\'\eKb\ODLVG>z9\܃e+\(q\=\\1[\	Ϡ4Q\r-3bCX\tSB[B83\I\VP\TH@Q{oG|O{\\\"\FK\\4;\=Fב\p\AY)Qz#OS$c\zw\ZMǱ^\\"#n$\n\\B;0\ᓷy\;\I\AUGԛU	p?i\\K*6b\yФ;\Ti\M7{Cz\D]-)Ju2a\B	/N\FzR7QBz\=y/\4#%)	tzq`\\l\\JyԵ<\\W/(P\'\\'X֭\\\\,\Y\h\sv\0o*\\O\0u#q]AS\nLF\:P	\!XH~\-\x\Z\ծ<\.\\\\EW\rŗ\\\J9	OLگ=81\J[Q\Z*\n\,\'m)mӽgQ{u\w\b[-)@HBP\	<\$dTv\O\l\7F4&8DMK\\\L\9;o\\\"\s凤mOh\GM\\\\XmnAC\%l<1\2V\\،dW[\'7\rԥiQdf=\p\\KjY\\\0Fz`\W\|TМA˽pLK\\7,\o!*\.(%E$\>d\UN\=Aizqy\Ԗ\=-\0!%Ĩ$5\G.&33\\W\\~\q\\\rtvS*So +$N+-\\\Y\&:A\[\7RU9\4Mf\9\:oW=\inf\\\\\\0>\;\y\\\0;FrY\Z./\n~#V\n\T$o\\qؚ&\\\m\\ꈰq\z#\+;\\\\jq50$\}.ē\[N(Z(\aiR0냏\+K\K>G	)[\\\96*Zy\R{cʪs.M+\)m\8ӋA\k;`\'=\\Q5Rf*	{\Ҽx\;zԕ\\U).4\0N\\n~5\nXR~:\ZmyueK\Y\\\TB$ɫcV[lh\@+Vk\vV谦<BRc0\" \WAo(l\Ѿ\2)KNq9\\>x\\Zham6l6\ʕ1\\\o\'̍P\u\\\Y!iGHߩ7A04\r\\lIJ	Uwf\\9\\YGlZ6\ǔ~Ydb\w]=+\h\:W\\\Ytˉ\ޤN1\Op\\r\r89T\J\Z9;Uey\ˊ\\E\b\\Rd:)[\'rֳ\dt\K\\>\Q~B<[%\G\\lYQ\\\Oe\6KCQ%|-\Q;Jw\\Hi\l\0lֽ#ҞF\tZ]B\5zv\g	e.Ejb\i \\Q)#\\Rw>,C\W_pOj)\fs\C2q\'#\nkew5j\ƛ\DP`V\w\k\L2Ĭr@\+)8ؓDA\THZZNҚ)B{6VR\2|5	;Dwr\h}q^\r-<ƥ\ͶɃ!\-;r3n\n\\tz>$fˠYܲ\A\'\\\kH\r-\q\+\YB\!D\ߘ\\QT\(ޢiZl6\\Ki-\Ӧp\\\\\mҝT\,%\eA!`$dvz*饯?\\ͥƊq\ִ-~I\\\l1]\\g9n\	\\r\G\'\hOkM[Ntʛ\V\gl_Dq3E\A;\^\}BL↪\_b\㶻]s!$\\leYY\\_9}\\|\Ҧٚe`ƌm܈O(	^{\w\W8e\ʟ\&awYB\Vе\0\\\\\{Gxv根Ƿ)\"IHQأa\{f/\r\O7faU6k_ksjM\fPKm\\\\06s\0\m-\\\\m7\o\ܛ\\Y\\HuH\r\2;\\omr4lmW\r\/VH*tJrGZvd\\\\j|\\\\-n-rQUAts}\0.>L;k@\]=xw:\\\\ZRZfnm2{TH\\\'-I\'Uڋ8\En$\4k<\\NTHP)I\H$d\OhNKf\=b\X\\R%DyI#$\Mړ7\\WEZP\JǂnUC \PY$\h=\\O9e:\n*\i\/!\\\r=k\nKD\ŕT\$N\\\ \ۢ[\ׯ\j#X\\\(Ž\oˍǕ}+A\\#_\r\Sjr\L]8ilޕ/\N@ކQrϜfa\%\C_\FO\\'\*ThBr\\\\KOˌ!l-Y	K/ld{M\\C\p\#E2\\\0&}JHP\Cy٤|\0:\.Ei\S$9%j\=r	\Y#Ɵ\\0\uxmT2?:|m\5\'}S99J62{U\qUR\ZVzbN\Y/L\m\\߽*ܡ\\\Tg-˸\r<<\4c.-r9h4,q\J	\_t\\0Pտq\!^\X\W^$LoOXa\[Ň&\uLH*[a 5%\\J\UIGr\*\~\v\P\\qe]\ڛ-\\a\A<[X\lJ\\\u\0]-s.\\y\\n\\\g\'^\\.\|8\\*G0ە1\U60\`.h\}{\\\\5ۈ3a\ASP\H\Q\s*[x\\22\0S\bpv\҇t|œ*٩\\\χrЦn\\o\Q]ƃGD\Ezo\\\򥈰eūTI\Cw\*Z\@\\md\򂡒w\`+8\m%n\\Fz\\^ \Ce3Yъ\nNZ\LkK)/)ymd#\EAwvO<.\̧<\\"q,o\\Z\6ҦB\H\\|Fxq\JyՅnKK,ʍЍ9?ccS9\<Q\RV\?+N6\\z\@a]\n\T\\\hI>\n\JBT@\\½JC\[ʖ2]Ny{\0Jq6\ח\䀖\J\\r\7\\q9\\>kJ5\,\\ڱ[졐\"\\\6\ D}me\[j&\JJ\\)֓T\hkZ\\vv\oO]\nulglfҷ	\\\Zg\O_F2\nE65	کGku\!\\@\\vE\X\\<\+\\T\Dّw->P!I ʳԓ\Y+E%Vg\eG\_F\\\	Q$mS\&Ky\)i\kA߭W\0\\DR\U\kU¯g~Ov.׶(>YR	\ق\0Pgj_j\\W\r\-N\.\%\?\t֫\J\Pۍ\\;\\#\^.%:\{\+. \Jlc:f7H\Ҝ_ĢN\KS:\ܙ\yPP8+\\\\6+A\\\E*#m\n\\\\\\\!#s_-Ӿۚ\p\N	\0\n\un!\3U5z\}3P\j\n\!O֠4\,zf^_V]uY⌂ט\y֌3\n\\\\0b7\z\X?\+\\\\6\ZR7\0ȑ\j\\\+!\֠\A\JI\}(C\ضg.HLqe/\\rL\\	$~ʤ\\	{7e\\\r\h\0Kp\NI\rj9~\8u-!ö<y}\\E-g\\+ъTUs]xwniEAjy\z\kD\\}9HO(\hO\W\\\\nBV\S2\/[\x[\P\npN(3W\#q\\n[Dʶ*|f. h+\;rю.Q\\\e\\\\\G\jqvf\"\|Im˃T\C)C\oE	\p\\M\\3\\0\l)I\VA!*7Nrq\+O\x탸Tp;$4\\ue\KJ*d0@;ք^oi\\hsӌQ\ )\R|n:t\\CN4\ϐH8#)r\DƵۄ\Υ]Z\0f۲yG!#8W\a^\Z̌r\yt+\\e\26 ozԪAVW	;\Gs	S%\0}\{]璘\r\S\Թ\\<#lg卪ڲ˵?fGBY>%$yy\5UqKR\ed\r\ޒ¤\1N\Ϡ\o[u. !;\\;\\\D>93\.`jFJ\B=i\6\\8M:sҟ\%Pd\\E>$54\Y\[\\pJ\\I+*Pڋ,\0r=(9\Vm	!	\F\4s;,ej춊\=ЪyԒ\\T\TRD\#mE}\Z]Ft\'\np\0i\\On,r|0Aڼi;\^~Qˎe\'L\uޤG\]\HH\@yQڒ\(m\;$w|&qI uS1-RIy\w\&\\\K>EY@4\r%NCC\'@`Uͤ4t\=\ a^YUx\Q\\X\n\5rK\Zh\\S̆\\dd\Y;\p\\PX\JF\\C\\-/-5\s-GFw5\f\0őmSs\pH(AP\NOSZ\\\Z\\kn5/_\\S\#\BRB6\Z:\&%\\8ݾ䅪2)ltu\r\֞#`\PW.o\0(\^,S8\j\5Qp~*.\f.(9\x\@\\0k,^a\D\\%\5!<y`p}~UN*\+Tq\\\\\n\Ԓ:El\*mi-\s$akec?t\0ZuAФ\t(C\Jv\P\_;k\ \*r׹=~TeU\4\Z\g\qbS)W)<\\\0:\2e59ե$\̢~U#oJ\\ZR+A؜n?1e6 6Eq.1XJS\^\';\,Z\\o\*\\\֙8	lllڂuʼd9|\,\4i\"Ƥ˕-\}L\0<\\\'8뿥kc.V\5\l֖\e\,3\灊CRr\nH\yH\U\$W=\V\\\\G~\\\Z\n-\\y%紗vi\P\0\\/n\}N}Ƶ\f\^z\\%\\0a\	\65F\Z\;$\\\F\\òРHRrEq\1\R,\dτ\y8\09V\\pRzF1L|\;\+$\򤴽)1ɡw<˻󔢊[\ \K\2\yA%J\S4\\\Z)X\uaa;ѽjc=.mZa\,EےPFA>F\oj&\+\\\\2\I^}iT;<I\8t;\nT\r\^#P7?Ly֟_B]X\E_\0\]놰\_f[}I\񎭻}*\ҟxɁ\\jp<Y\\']imH+V\0\\ó-\%N>v{9\\\Փ<8͒\#\mow\|\A\r\n\IZ\2N1@\5=MNКn;O3KqJ\$\\\\wZ\n\\)QF/Jp:1Q܀Iϔd$K)X\7W\\\璢-\'A*N22A\N*\7IMnL89HP\0$\|Aֈ\Z\؍hWS\\\\Rw\\c~\k\3tT`\\ܪy\mdm\o\Z<Ce>_5VI+J\_S9K|ÔOB\%\(ny^\\\'ty\H\\=j\\S:.vCi.\\n,\#ژB˗dCQ\nm\\+\J#i^Z\Zc\^\uu\\J\'`JȌ\J\zO\\wGX\n\d\c9\+Y\52\`\e\'*Q)\0\ÖNӱrtϥ9S\þF\ӕɡ¬,\\d@\=԰&\\0\QGj\ZgD\A\iC-|\i\r7+r:\Z\Km*\1nŒڊ̂RU{mNs{ӣ}	\;g8\\h\0ϜCk+\1㾼ū\\IJ$\R-\\;$[\IG\\\V0Rn\:_ڢ,\\05BpX\g\ 8\C\3\Z\Z\\Ύi-\n`\m<l.</Ԇ\-G\]B@ :\듌1V\rۓ\\L%J\#o|ڄmƋ\\7\V޵k\	rP\^7Js\\`\\rӮG1\.^\0)p!Ih\\G@p3\f*\&\s\\\\^)\{#\w\+@Yy=\ҍM4_)@N3|\XbYS\sGF_\\ܮx2b $\9\m`mOe=O>\"̟aȓ\\0Y.\r:)\n\`\"u)\cj*\J\\0֠\PZ2\#k\\\X\\\r7v\F\0˄\9VPAV ]\Z\3^ۜq+j-\VHQ\P\/;۞~\[6\s\0}|MiMGS;e\\e(5\\)R\\7\>A?Ia\0\\)R\S\\\E\\\V~\W*\7o%\\{_\?.\0k3\0\)RM\Lq\qޣ\0xTfJ{!B\\h\\'D\ԩU36UWeE{C8]CtotUy \\\Ol\\Z4%f\v*,\'<?\?l|>\\ѿ\E\\7?bcJ%\0g+\\\K\\0Й\#\n=\0(RO\]\N\s/ϽQ~\M\0$\\0ZT\ت\\\\\\?AJ#A7M.RM/\','Foo','Bar',43,'Male','09876785554','Cuenca',NULL),('U0008',NULL,'Keith','Foo',21,'Male','09386508693','Ibabao',NULL);
/*!40000 ALTER TABLE `user_profile` ENABLE KEYS */;
UNLOCK TABLES;

--
-- Temporary view structure for view `userdata`
--

DROP TABLE IF EXISTS `userdata`;
/*!50001 DROP VIEW IF EXISTS `userdata`*/;
SET @saved_cs_client     = @@character_set_client;
/*!50503 SET character_set_client = utf8mb4 */;
/*!50001 CREATE VIEW `userdata` AS SELECT 
 1 AS `id`,
 1 AS `user_name`,
 1 AS `password_hashed`,
 1 AS `fname`,
 1 AS `lname`,
 1 AS `bio`,
 1 AS `age`,
 1 AS `contact`,
 1 AS `address`,
 1 AS `photo`,
 1 AS `date_hired`,
 1 AS `specialization`,
 1 AS `status`*/;
SET character_set_client = @saved_cs_client;

--
-- Dumping routines for database 'outpatient2'
--
/*!50003 DROP PROCEDURE IF EXISTS `getRole` */;
/*!50003 SET @saved_cs_client      = @@character_set_client */ ;
/*!50003 SET @saved_cs_results     = @@character_set_results */ ;
/*!50003 SET @saved_col_connection = @@collation_connection */ ;
/*!50003 SET character_set_client  = utf8mb4 */ ;
/*!50003 SET character_set_results = utf8mb4 */ ;
/*!50003 SET collation_connection  = utf8mb4_0900_ai_ci */ ;
/*!50003 SET @saved_sql_mode       = @@sql_mode */ ;
/*!50003 SET sql_mode              = 'STRICT_TRANS_TABLES,NO_ENGINE_SUBSTITUTION' */ ;
DELIMITER ;;
CREATE DEFINER=`root`@`localhost` PROCEDURE `getRole`(IN UID varchar(255), OUT Role varchar(15))
BEGIN
	Declare dummyRole varchar(15);
    Declare test varchar(15);
	IF (SELECT count(*) from admin where admin_id = UID) > 0 then
    Begin
		Set dummyRole = "Admin";
    END;
    ELSEIF (SELECT count(*) from nurse where nurse_id = UID) > 0 then
    BEGIN
		Set dummyRole = "Nurse";
    END;
    ELSEIF (SELECT count(*) from doctor where doctor_id = UID) > 0 then
    BEGIN
		Set dummyRole = "Doctor";
    END;
    END IF;
    set Role = dummyRole;
END ;;
DELIMITER ;
/*!50003 SET sql_mode              = @saved_sql_mode */ ;
/*!50003 SET character_set_client  = @saved_cs_client */ ;
/*!50003 SET character_set_results = @saved_cs_results */ ;
/*!50003 SET collation_connection  = @saved_col_connection */ ;

--
-- Final view structure for view `doctorlistview`
--

/*!50001 DROP VIEW IF EXISTS `doctorlistview`*/;
/*!50001 SET @saved_cs_client          = @@character_set_client */;
/*!50001 SET @saved_cs_results         = @@character_set_results */;
/*!50001 SET @saved_col_connection     = @@collation_connection */;
/*!50001 SET character_set_client      = utf8mb4 */;
/*!50001 SET character_set_results     = utf8mb4 */;
/*!50001 SET collation_connection      = utf8mb4_0900_ai_ci */;
/*!50001 CREATE ALGORITHM=UNDEFINED */
/*!50013 DEFINER=`root`@`localhost` SQL SECURITY DEFINER */
/*!50001 VIEW `doctorlistview` AS select `doctor`.`doctor_id` AS `doctor_id`,`user_profile`.`userphoto` AS `photo`,`user_profile`.`fname` AS `fname`,`user_profile`.`lname` AS `lname`,`doctor`.`specialization` AS `specialization` from (`doctor` left join `user_profile` on((`doctor`.`doctor_id` = `user_profile`.`uid`))) */;
/*!50001 SET character_set_client      = @saved_cs_client */;
/*!50001 SET character_set_results     = @saved_cs_results */;
/*!50001 SET collation_connection      = @saved_col_connection */;

--
-- Final view structure for view `userdata`
--

/*!50001 DROP VIEW IF EXISTS `userdata`*/;
/*!50001 SET @saved_cs_client          = @@character_set_client */;
/*!50001 SET @saved_cs_results         = @@character_set_results */;
/*!50001 SET @saved_col_connection     = @@collation_connection */;
/*!50001 SET character_set_client      = utf8mb4 */;
/*!50001 SET character_set_results     = utf8mb4 */;
/*!50001 SET collation_connection      = utf8mb4_0900_ai_ci */;
/*!50001 CREATE ALGORITHM=UNDEFINED */
/*!50013 DEFINER=`root`@`localhost` SQL SECURITY DEFINER */
/*!50001 VIEW `userdata` AS select `user_account`.`id` AS `id`,`user_account`.`user_name` AS `user_name`,`user_account`.`password_hashed` AS `password_hashed`,`up`.`fname` AS `fname`,`up`.`lname` AS `lname`,`up`.`bio` AS `bio`,`up`.`age` AS `age`,`up`.`contact` AS `contact`,`up`.`address` AS `address`,`up`.`userphoto` AS `photo`,coalesce(`admin`.`date_hired`,`doctor`.`date_hired`,`nurse`.`date_hired`) AS `date_hired`,`doctor`.`specialization` AS `specialization`,coalesce(`admin`.`status`,`doctor`.`status`,`nurse`.`status`) AS `status` from ((((`user_profile` `up` left join `user_account` on((`user_account`.`id` = `up`.`uid`))) left join `admin` on((`up`.`uid` = `admin`.`admin_id`))) left join `doctor` on((`up`.`uid` = `doctor`.`doctor_id`))) left join `nurse` on((`up`.`uid` = `nurse`.`nurse_id`))) */;
/*!50001 SET character_set_client      = @saved_cs_client */;
/*!50001 SET character_set_results     = @saved_cs_results */;
/*!50001 SET collation_connection      = @saved_col_connection */;
/*!40103 SET TIME_ZONE=@OLD_TIME_ZONE */;

/*!40101 SET SQL_MODE=@OLD_SQL_MODE */;
/*!40014 SET FOREIGN_KEY_CHECKS=@OLD_FOREIGN_KEY_CHECKS */;
/*!40014 SET UNIQUE_CHECKS=@OLD_UNIQUE_CHECKS */;
/*!40101 SET CHARACTER_SET_CLIENT=@OLD_CHARACTER_SET_CLIENT */;
/*!40101 SET CHARACTER_SET_RESULTS=@OLD_CHARACTER_SET_RESULTS */;
/*!40101 SET COLLATION_CONNECTION=@OLD_COLLATION_CONNECTION */;
/*!40111 SET SQL_NOTES=@OLD_SQL_NOTES */;

-- Dump completed on 2021-10-23 12:22:21
